pair_id,loop_count,condition_count,call_count,subscript_access_count,max_nesting_depth,max_loop_nesting,is_recursive,function_length,label
0,0,0,2,0,0,0,0,6,1
0,0,0,2,0,0,0,0,6,0
1,1,2,4,0,3,1,0,13,1
1,1,2,4,0,3,1,0,14,0
2,0,0,4,0,0,0,0,4,1
2,0,0,4,0,0,0,0,4,0
3,1,5,4,1,2,1,0,19,1
3,1,6,4,1,2,1,0,21,0
4,0,0,1,0,0,0,0,2,1
4,0,0,1,0,0,0,0,2,0
5,0,2,8,1,1,0,0,20,1
5,0,2,8,1,1,0,0,21,0
6,0,1,2,1,1,0,0,5,1
6,0,2,7,1,1,0,0,9,0
7,0,3,19,1,1,0,0,48,1
7,0,3,19,1,1,0,0,48,0
9,0,0,5,1,0,0,0,14,1
9,0,0,6,1,0,0,0,10,0
10,0,0,6,0,0,0,0,10,1
10,0,2,6,0,1,0,0,14,0
11,0,0,2,0,0,0,0,5,1
11,0,0,2,0,0,0,0,4,0
12,0,0,3,0,0,0,0,2,1
12,0,0,3,0,0,0,0,2,0
13,0,0,7,0,0,0,0,17,1
13,0,1,11,0,1,0,0,24,0
14,0,6,19,0,5,0,0,47,1
14,0,6,20,0,5,0,0,47,0
17,0,0,2,0,0,0,0,2,1
17,0,0,2,0,0,0,0,2,0
18,0,0,1,0,0,0,0,3,1
18,0,1,1,0,1,0,0,5,0
19,0,2,4,0,1,0,0,12,1
19,0,2,4,0,1,0,0,12,0
22,0,0,3,0,0,0,0,2,1
22,0,0,3,0,0,0,0,2,0
23,2,4,28,13,3,2,0,61,1
23,2,4,28,13,3,2,0,61,0
24,0,0,1,0,0,0,0,2,1
24,0,1,3,0,1,0,0,6,0
25,1,5,20,4,2,1,0,23,1
25,1,6,24,4,3,1,0,27,0
26,0,10,34,7,2,0,0,57,1
26,0,11,34,7,3,0,0,58,0
27,0,2,7,2,1,0,0,15,1
27,0,2,7,2,1,0,0,15,0
29,1,1,4,2,1,1,0,13,1
29,1,1,4,2,1,1,0,13,0
30,1,15,22,5,5,1,0,77,1
30,1,15,22,5,5,1,0,78,0
31,0,1,5,4,1,0,0,17,1
31,0,1,5,4,1,0,0,18,0
32,0,1,3,0,1,0,0,6,1
32,0,3,6,0,2,0,0,24,0
35,0,4,15,0,4,0,0,17,1
35,0,4,15,0,4,0,0,19,0
36,1,2,7,0,2,1,0,12,1
36,0,4,12,0,1,0,0,17,0
38,0,0,3,0,0,0,0,8,1
38,0,0,3,0,0,0,0,8,0
40,1,1,4,2,2,1,0,8,1
40,1,1,5,2,2,1,0,9,0
41,0,4,7,19,2,0,0,27,1
41,0,4,7,19,2,0,0,27,0
42,0,4,13,5,3,0,0,43,1
42,0,4,13,5,3,0,0,42,0
43,1,1,6,0,2,1,0,10,1
43,1,2,8,0,3,1,0,12,0
44,1,1,6,0,1,1,0,9,1
44,0,0,4,2,0,0,0,3,0
45,0,2,8,0,1,0,0,13,1
45,0,2,10,4,1,0,0,13,0
46,0,0,8,3,0,0,0,9,1
46,0,2,12,3,1,0,0,12,0
47,1,5,140,134,2,1,0,358,1
47,0,1,137,121,1,0,0,344,0
48,0,3,4,0,2,0,0,19,1
48,0,1,2,0,1,0,0,8,0
49,0,4,18,6,2,0,0,29,1
49,0,4,20,7,2,0,0,31,0
51,4,9,31,8,3,1,0,52,1
51,5,10,28,9,3,1,0,57,0
52,0,0,1,4,0,0,0,2,1
52,0,0,1,4,0,0,0,2,0
53,0,3,20,0,2,0,0,37,1
53,0,3,22,0,2,0,0,40,0
54,0,0,4,1,0,0,0,4,1
54,0,0,5,1,0,0,0,8,0
55,1,10,16,8,6,1,0,33,1
55,1,12,17,8,6,1,0,37,0
56,2,14,42,3,6,1,1,170,1
56,2,14,42,3,6,1,1,172,0
57,0,7,11,1,5,0,0,22,1
57,0,9,13,2,5,0,0,25,0
58,1,22,42,10,10,1,0,63,1
58,1,23,43,10,10,1,0,66,0
59,0,6,8,12,2,0,0,33,1
59,0,6,8,12,2,0,0,36,0
60,0,5,39,45,3,0,0,53,1
60,0,7,44,54,3,0,0,60,0
61,0,1,5,1,1,0,0,6,1
61,0,1,5,1,1,0,0,6,0
62,0,5,4,0,2,0,0,12,1
62,0,3,3,0,1,0,0,9,0
63,0,10,24,31,3,0,0,45,1
63,0,5,26,16,1,0,0,47,0
64,0,1,13,0,1,0,0,19,1
64,0,1,13,0,1,0,0,19,0
65,0,3,11,0,2,0,0,16,1
65,0,3,12,0,2,0,0,16,0
67,2,3,4,1,4,2,0,21,1
67,2,3,4,1,4,2,0,21,0
68,0,3,18,3,2,0,0,33,1
68,0,3,18,3,2,0,0,33,0
69,0,1,7,0,1,0,0,13,1
69,0,2,8,0,1,0,0,16,0
70,3,25,89,52,4,1,0,135,1
70,3,25,94,52,4,1,0,137,0
71,0,2,5,2,1,0,0,15,1
71,0,2,5,9,1,0,0,15,0
72,0,1,2,0,1,0,0,8,1
72,0,1,2,0,1,0,0,4,0
73,1,6,8,7,4,1,0,27,1
73,1,7,10,7,4,1,0,29,0
75,0,14,10,3,8,0,0,37,1
75,0,15,10,3,9,0,0,39,0
76,0,28,33,16,10,0,0,82,1
76,0,30,36,16,10,0,0,87,0
77,0,0,2,0,0,0,0,3,1
77,0,0,2,0,0,0,0,3,0
78,1,1,8,4,2,1,0,14,1
78,1,3,10,4,2,1,0,18,0
79,0,2,10,0,1,0,0,22,1
79,0,2,10,0,1,0,0,23,0
80,1,10,20,5,5,1,0,31,1
80,1,11,24,5,5,1,0,33,0
82,1,2,1,0,3,1,0,14,1
82,1,3,1,0,4,1,0,15,0
83,0,0,0,6,0,0,0,10,1
83,0,0,0,10,0,0,0,14,0
86,0,15,71,23,5,0,0,120,1
86,0,18,76,29,6,0,0,136,0
87,0,1,3,0,1,0,0,5,1
87,0,1,4,0,1,0,0,6,0
89,0,6,5,6,1,0,0,25,1
89,0,0,12,2,0,0,0,17,0
90,0,24,16,11,5,0,0,62,1
90,1,10,14,4,5,1,0,29,0
92,0,0,5,0,0,0,0,11,1
92,0,0,5,3,0,0,0,11,0
93,1,3,15,1,3,1,0,23,1
93,3,6,23,2,3,1,0,32,0
94,0,0,18,12,0,0,0,34,1
94,0,1,20,12,1,0,0,38,0
95,0,3,13,3,2,0,0,25,1
95,0,3,13,3,2,0,0,25,0
96,0,0,12,0,0,0,0,18,1
96,0,0,13,0,0,0,0,19,0
97,0,1,7,0,1,0,0,11,1
97,0,2,8,2,1,0,0,13,0
100,0,3,4,2,2,0,0,15,1
100,0,3,4,2,2,0,0,16,0
101,1,15,39,27,4,1,0,145,1
101,1,15,38,27,4,1,0,145,0
102,0,3,4,0,2,0,0,12,1
102,0,3,5,0,3,0,0,11,0
103,0,0,1,0,0,0,0,2,1
103,0,0,1,0,0,0,0,2,0
104,0,17,13,7,8,0,0,44,1
104,0,19,15,7,8,0,0,50,0
105,0,9,25,25,4,0,0,48,1
105,0,5,28,12,2,0,0,54,0
106,0,14,42,58,2,0,0,98,1
106,0,5,37,27,3,0,0,83,0
107,0,2,6,4,2,0,0,12,1
107,0,3,11,4,2,0,0,21,0
108,0,4,31,28,1,0,0,60,1
108,0,1,28,18,1,0,0,56,0
109,0,0,9,0,0,0,0,15,1
109,0,0,7,0,0,0,0,12,0
111,0,3,12,3,2,0,0,113,1
111,0,3,12,3,2,0,0,130,0
112,0,2,3,0,1,0,0,8,1
112,0,1,3,0,1,0,0,6,0
113,0,5,9,0,1,0,0,17,1
113,1,1,7,4,2,1,0,14,0
114,0,1,105,1,1,0,0,139,1
114,0,1,105,1,1,0,0,139,0
115,1,0,2,1,1,1,0,5,1
115,3,1,6,3,3,2,0,12,0
116,1,4,5,3,2,1,0,15,1
116,1,6,8,4,2,1,0,22,0
117,1,2,4,8,2,1,0,16,1
117,0,1,2,1,1,0,0,7,0
119,0,10,28,4,1,0,0,68,1
119,0,11,30,4,3,0,0,74,0
120,1,5,7,7,4,1,0,25,1
120,1,6,8,7,4,1,0,27,0
121,2,6,17,28,2,1,0,43,1
121,2,6,15,28,2,1,0,43,0
122,2,0,2,1,1,1,0,5,1
122,2,0,6,2,1,1,0,7,0
123,0,1,2,3,1,0,0,9,1
123,0,1,2,3,1,0,0,9,0
124,1,2,3,8,3,1,1,11,1
124,1,4,6,12,4,1,1,15,0
126,0,7,19,13,3,0,1,18,1
126,0,4,8,2,1,0,1,13,0
127,0,1,2,3,1,0,0,9,1
127,0,0,0,3,0,0,0,7,0
129,1,4,13,7,4,1,0,23,1
129,1,5,15,7,4,1,0,25,0
130,0,9,23,14,6,0,0,44,1
130,1,12,34,14,5,1,0,67,0
132,1,1,4,1,2,1,0,6,1
132,1,0,7,1,1,1,0,6,0
134,1,1,3,3,2,1,0,5,1
134,0,0,4,0,0,0,0,2,0
136,2,5,22,11,3,2,0,37,1
136,2,6,26,11,4,2,0,42,0
139,2,17,28,20,4,1,0,128,1
139,2,18,29,20,4,1,0,130,0
140,2,11,45,17,5,1,0,66,1
140,2,13,46,18,5,1,0,69,0
141,0,4,3,0,4,0,0,12,1
141,0,4,3,0,4,0,0,11,0
142,0,0,2,0,0,0,0,2,1
142,0,0,2,0,0,0,0,2,0
143,0,1,4,1,1,0,0,6,1
143,0,2,4,1,2,0,0,6,0
144,0,7,18,9,2,0,0,25,1
144,0,6,17,8,2,0,0,23,0
145,1,3,75,4,2,1,0,103,1
145,1,3,75,4,2,1,0,103,0
147,0,2,3,2,2,0,0,7,1
147,0,5,6,9,3,0,0,18,0
148,2,6,7,6,3,1,0,22,1
148,2,7,8,9,3,1,0,25,0
150,0,3,10,0,1,0,0,26,1
150,0,3,10,0,1,0,0,26,0
151,2,10,30,19,5,1,0,50,1
151,2,10,30,19,5,1,0,49,0
153,0,1,1,0,1,0,0,13,1
153,0,1,2,0,1,0,0,14,0
154,1,9,15,8,6,1,0,31,1
154,1,10,16,8,6,1,0,33,0
155,1,3,17,10,3,1,0,18,1
155,1,3,19,10,3,1,0,20,0
156,1,3,9,24,2,1,0,38,1
156,1,3,9,24,2,1,0,41,0
157,0,3,6,6,3,0,0,11,1
157,0,3,7,6,3,0,0,11,0
158,1,3,4,6,3,1,0,23,1
158,1,4,7,6,4,1,0,26,0
159,0,0,2,0,0,0,0,3,1
159,0,0,2,0,0,0,0,4,0
160,2,11,9,17,6,1,0,51,1
160,2,12,10,20,6,1,0,56,0
161,0,1,0,6,1,0,0,11,1
161,0,2,1,9,1,0,0,13,0
162,0,3,15,0,1,0,0,18,1
162,0,2,13,0,1,0,0,13,0
163,2,3,8,0,2,1,0,13,1
163,2,4,9,0,2,1,0,15,0
164,0,7,26,5,2,0,0,39,1
164,0,7,25,5,2,0,0,39,0
165,0,6,10,0,1,0,0,17,1
165,0,7,24,11,1,0,0,24,0
166,2,1,11,0,3,2,0,16,1
166,2,1,12,0,3,2,0,16,0
167,0,0,5,0,0,0,0,12,1
167,0,0,5,2,0,0,0,10,0
168,2,4,7,6,6,2,0,13,1
168,2,5,7,6,6,2,0,15,0
169,1,0,4,1,1,1,0,5,1
169,1,0,4,1,1,1,0,5,0
171,0,13,18,15,2,0,0,39,1
171,0,14,19,16,2,0,0,41,0
172,1,0,3,1,1,1,0,5,1
172,1,0,3,1,1,1,0,5,0
173,0,7,15,18,1,0,0,31,1
173,0,9,17,22,1,0,0,34,0
174,0,2,3,0,2,0,0,9,1
174,0,2,3,0,1,0,0,8,0
175,1,3,6,0,2,1,0,12,1
175,1,3,7,0,2,1,0,12,0
176,1,2,7,0,2,1,0,12,1
176,1,7,6,0,5,1,0,19,0
177,1,6,36,9,3,1,0,55,1
177,1,6,36,9,3,1,0,55,0
178,0,24,54,23,2,0,0,115,1
178,0,24,57,28,2,0,0,129,0
179,0,13,63,21,5,0,0,110,1
179,0,15,68,23,5,0,0,117,0
181,1,4,11,14,3,1,1,16,1
181,1,5,16,14,3,1,1,18,0
182,1,6,10,3,4,1,0,26,1
182,1,7,10,3,4,1,0,28,0
184,1,2,5,2,2,1,0,14,1
184,2,6,8,4,5,1,0,28,0
185,1,3,2,2,3,1,0,13,1
185,1,3,2,2,3,1,0,13,0
186,0,26,97,13,5,0,0,339,1
186,0,28,100,13,5,0,0,348,0
187,1,2,6,2,3,1,0,13,1
187,1,3,6,2,3,1,0,12,0
188,1,9,47,10,3,1,0,67,1
188,1,11,49,11,4,1,0,71,0
189,1,12,28,5,5,1,0,35,1
189,1,15,30,5,5,1,0,43,0
190,8,34,95,23,9,2,0,116,1
190,8,35,96,24,9,2,0,119,0
191,0,1,2,2,1,0,0,6,1
191,0,2,4,2,1,0,0,9,0
193,1,6,14,22,3,1,0,46,1
193,1,7,15,24,3,1,0,49,0
194,0,1,3,2,1,0,0,13,1
194,0,2,4,2,2,0,0,17,0
195,4,24,58,26,7,2,0,113,1
195,4,25,62,26,7,2,0,118,0
196,1,5,99,93,2,1,0,258,1
196,0,1,96,80,1,0,0,244,0
197,0,8,30,8,2,0,0,55,1
197,0,8,31,8,2,0,0,56,0
199,1,7,18,4,6,1,0,38,1
199,1,7,18,4,6,1,0,38,0
200,0,3,14,11,2,0,0,51,1
200,0,3,14,11,2,0,0,51,0
201,1,0,3,1,1,1,0,6,1
201,1,0,3,1,1,1,0,6,0
202,1,7,8,0,5,1,0,34,1
202,1,6,7,0,4,1,0,28,0
203,0,2,6,2,1,0,0,11,1
203,0,2,6,2,1,0,0,11,0
204,0,0,7,0,0,0,0,12,1
204,0,0,7,0,0,0,0,13,0
205,0,1,2,0,1,0,0,4,1
205,0,1,2,0,1,0,0,4,0
206,1,11,20,11,6,1,0,35,1
206,1,12,22,11,7,1,0,37,0
207,0,0,0,0,0,0,0,4,1
207,0,0,0,0,0,0,0,5,0
209,0,0,10,0,0,0,0,15,1
209,0,0,7,0,0,0,0,12,0
210,2,4,8,3,3,1,0,17,1
210,2,4,8,3,3,1,0,17,0
211,0,0,4,0,0,0,0,5,1
211,0,0,4,0,0,0,0,5,0
212,0,0,6,1,0,0,0,8,1
212,0,1,6,1,1,0,0,10,0
214,0,0,1,0,0,0,0,2,1
214,0,0,1,0,0,0,0,2,0
215,1,4,7,3,3,1,0,16,1
215,1,4,7,3,3,1,0,16,0
216,0,0,1,0,0,0,0,2,1
216,0,0,1,0,0,0,0,2,0
217,0,3,10,2,1,0,0,15,1
217,0,3,10,2,1,0,0,15,0
218,1,0,4,0,1,1,0,11,1
218,1,0,4,0,1,1,0,11,0
219,2,3,8,0,2,1,0,13,1
219,2,4,9,0,2,1,0,15,0
220,0,0,8,3,0,0,0,9,1
220,0,0,7,0,0,0,0,7,0
221,2,5,18,12,4,1,0,30,1
221,2,5,18,12,4,1,0,30,0
223,0,0,5,1,0,0,0,11,1
223,0,1,5,1,1,0,0,13,0
224,0,2,21,4,2,0,0,29,1
224,0,0,13,0,0,0,0,16,0
225,0,0,1,2,0,0,0,11,1
225,0,0,1,2,0,0,0,11,0
226,0,2,9,0,1,0,0,11,1
226,0,2,9,0,1,0,0,12,0
227,0,1,2,3,1,0,0,8,1
227,0,1,2,3,1,0,0,8,0
228,2,7,20,11,4,1,0,31,1
228,2,7,23,9,4,1,0,31,0
229,0,1,8,0,1,0,0,19,1
229,0,0,7,0,0,0,0,16,0
232,1,0,3,0,1,1,0,6,1
232,2,1,3,0,3,2,0,9,0
233,4,25,71,1,4,1,0,139,1
233,4,25,71,1,4,1,0,139,0
234,1,1,13,1,1,1,0,22,1
234,1,1,13,1,1,1,0,22,0
235,0,1,2,0,1,0,0,3,1
235,0,1,2,0,1,0,0,3,0
236,0,1,3,4,1,0,0,14,1
236,0,1,3,4,1,0,0,14,0
238,0,0,2,1,0,0,0,7,1
238,0,0,2,1,0,0,0,7,0
239,0,0,1,2,0,0,0,10,1
239,0,0,1,2,0,0,0,9,0
240,0,2,5,0,1,0,0,7,1
240,0,2,5,0,1,0,0,7,0
241,2,3,18,0,4,1,1,22,1
241,2,3,18,0,4,1,1,22,0
242,1,1,12,0,2,1,0,20,1
242,1,1,12,0,2,1,0,20,0
243,1,3,16,5,2,1,0,29,1
243,1,3,16,5,2,1,0,30,0
244,0,6,11,0,5,0,0,14,1
244,0,6,11,0,5,0,0,14,0
245,0,0,2,0,0,0,0,4,1
245,0,0,2,0,0,0,0,4,0
246,0,0,2,0,0,0,0,7,1
246,0,0,2,3,0,0,0,7,0
247,0,0,9,0,0,0,0,15,1
247,0,0,7,0,0,0,0,12,0
248,0,0,7,2,0,0,0,10,1
248,0,1,7,2,1,0,0,12,0
249,0,0,4,0,0,0,0,10,1
249,0,0,4,0,0,0,0,5,0
250,0,3,5,0,2,0,0,20,1
250,0,3,5,0,2,0,0,20,0
251,0,5,38,44,3,0,0,52,1
251,0,5,39,45,3,0,0,53,0
252,3,16,18,55,3,1,0,79,1
252,3,13,16,53,3,1,0,72,0
254,1,10,39,4,6,1,0,52,1
254,1,10,40,4,6,1,0,53,0
255,1,9,11,5,6,1,0,31,1
255,1,10,12,5,6,1,0,34,0
256,1,7,24,15,4,1,0,45,1
256,1,7,24,15,4,1,0,45,0
257,0,5,16,6,2,0,0,20,1
257,0,5,16,6,2,0,0,20,0
258,1,23,50,4,5,1,0,93,1
258,1,24,50,4,5,1,0,94,0
259,1,10,10,34,3,1,0,54,1
259,1,7,8,32,3,1,0,47,0
260,0,0,17,11,0,0,0,31,1
260,0,0,18,12,0,0,0,34,0
261,0,3,4,4,3,0,0,17,1
261,0,3,4,4,3,0,0,17,0
262,0,0,1,6,0,0,0,12,1
262,0,0,1,6,0,0,0,12,0
263,1,0,6,0,1,1,0,15,1
263,1,0,6,6,1,1,0,15,0
264,1,0,4,4,1,1,0,11,1
264,1,0,4,4,1,1,0,11,0
265,0,0,2,4,0,0,0,10,1
265,0,0,2,4,0,0,0,10,0
268,0,2,11,0,2,0,0,15,1
268,0,2,11,0,2,0,0,15,0
269,0,0,5,4,0,0,0,12,1
269,0,0,5,4,0,0,0,12,0
270,1,0,4,4,1,1,0,11,1
270,1,0,4,4,1,1,0,11,0
271,0,0,2,2,0,0,0,7,1
271,0,0,2,2,0,0,0,7,0
273,0,28,97,14,5,0,0,302,1
273,0,30,100,14,5,0,0,311,0
274,0,0,26,2,0,0,0,30,1
274,0,0,27,1,0,0,0,31,0
275,0,0,1,3,0,0,0,10,1
275,0,0,1,3,0,0,0,10,0
276,2,4,11,2,2,1,0,26,1
276,3,4,14,6,3,2,0,26,0
278,0,5,15,0,3,0,0,18,1
278,0,4,14,0,3,0,0,16,0
279,0,5,46,24,2,0,0,112,1
279,0,4,43,21,2,0,0,106,0
280,0,4,12,0,1,0,0,19,1
280,0,4,16,0,1,0,0,22,0
281,0,6,10,4,3,0,0,51,1
281,0,6,10,4,3,0,0,55,0
282,0,1,1,0,1,0,0,4,1
282,0,0,1,0,0,0,0,3,0
283,0,7,27,3,5,0,0,49,1
283,0,7,27,3,5,0,0,49,0
284,0,0,2,0,0,0,0,7,1
284,0,0,2,0,0,0,0,7,0
285,2,3,3,1,3,1,0,16,1
285,2,2,3,1,2,1,0,13,0
287,0,1,2,0,1,0,0,4,1
287,0,1,2,0,1,0,0,4,0
288,0,16,31,6,4,0,0,62,1
288,0,16,31,6,4,0,0,66,0
291,0,16,13,7,8,0,0,41,1
291,0,17,13,7,8,0,0,44,0
292,0,2,1,2,1,0,0,8,1
292,0,2,1,3,1,0,0,9,0
293,0,3,12,3,2,0,0,352,1
293,0,3,12,3,2,0,0,355,0
294,0,4,4,8,2,0,0,23,1
294,0,4,5,8,2,0,0,24,0
295,1,17,37,3,9,1,0,52,1
295,1,19,37,3,9,1,0,56,0
296,0,0,4,0,0,0,0,31,1
296,0,0,4,0,0,0,0,33,0
297,0,2,22,0,1,0,0,34,1
297,0,4,24,0,2,0,0,37,0
298,0,1,13,1,1,0,0,15,1
298,1,4,30,13,4,1,0,32,0
300,1,3,8,1,1,1,0,18,1
300,1,5,17,1,2,1,0,33,0
301,1,23,38,8,10,1,0,59,1
301,1,21,35,8,10,1,0,57,0
302,0,2,1,0,1,0,0,8,1
302,0,2,1,0,1,0,0,11,0
305,0,16,32,6,4,0,0,66,1
305,0,16,32,6,4,0,0,70,0
306,4,6,15,2,4,2,0,39,1
306,4,8,19,4,4,2,0,44,0
308,0,0,4,0,0,0,0,7,1
308,0,0,1,0,0,0,0,4,0
309,0,6,9,2,5,0,0,18,1
309,0,6,9,2,5,0,0,18,0
310,2,7,32,9,3,1,0,52,1
310,1,6,31,9,3,1,0,49,0
311,4,6,25,5,3,1,0,45,1
311,4,6,25,5,3,1,0,45,0
312,0,18,41,44,4,0,0,75,1
312,0,17,41,38,4,0,0,85,0
313,0,0,0,0,0,0,0,2,1
313,0,1,1,0,1,0,0,4,0
314,0,0,1,2,0,0,0,7,1
314,0,0,1,3,0,0,0,8,0
315,0,2,9,0,2,0,0,13,1
315,0,2,10,0,2,0,0,14,0
317,1,4,9,1,3,1,0,21,1
317,1,4,9,0,3,1,0,21,0
318,1,2,48,2,1,1,0,61,1
318,2,4,57,6,3,1,0,73,0
319,0,2,1,2,1,0,0,9,1
319,0,2,1,3,1,0,0,10,0
320,0,1,19,0,1,0,0,30,1
320,0,2,26,0,1,0,0,40,0
322,0,2,17,2,2,0,0,28,1
322,0,2,22,1,2,0,0,32,0
323,0,2,1,3,1,0,0,9,1
323,0,2,1,5,1,0,0,11,0
324,0,0,1,0,0,0,0,2,1
324,0,1,2,0,1,0,0,3,0
325,0,6,10,4,3,0,0,55,1
325,0,6,10,4,3,0,0,55,0
326,1,1,0,3,2,1,0,66,1
326,1,1,0,3,2,1,0,66,0
327,1,10,15,5,3,1,0,31,1
327,1,10,15,4,3,1,0,31,0
328,0,2,8,0,1,0,0,21,1
328,0,1,7,0,1,0,0,16,0
330,1,6,7,8,3,1,0,22,1
330,1,6,6,8,3,1,0,21,0
332,0,17,22,24,8,0,0,51,1
332,0,17,22,24,8,0,0,51,0
333,0,1,2,0,1,0,0,4,1
333,0,1,2,0,1,0,0,4,0
335,2,15,45,22,4,1,0,79,1
335,2,15,48,22,4,1,0,82,0
336,0,5,7,1,4,0,0,20,1
336,0,4,6,1,3,0,0,19,0
337,0,14,21,3,8,0,0,41,1
337,0,13,18,3,8,0,0,37,0
338,2,6,29,6,4,1,0,38,1
338,2,11,33,9,4,1,0,46,0
339,2,13,46,18,5,1,0,69,1
339,2,14,49,18,6,1,0,72,0
340,0,9,23,19,3,0,0,44,1
340,0,9,24,19,3,0,0,45,0
341,3,2,8,0,2,1,0,14,1
341,0,2,6,0,1,0,0,10,0
342,0,0,20,0,0,0,0,30,1
342,0,0,21,0,0,0,0,31,0
344,0,0,4,0,0,0,0,4,1
344,0,0,4,0,0,0,0,4,0
345,0,0,2,0,0,0,0,16,1
345,0,0,2,0,0,0,0,16,0
346,2,3,11,5,5,2,1,15,1
346,2,3,11,5,5,2,1,15,0
347,1,6,12,10,4,1,0,25,1
347,1,6,12,10,4,1,0,25,0
348,2,11,35,5,5,2,0,45,1
348,2,12,36,5,5,2,0,49,0
349,0,2,1,0,1,0,0,7,1
349,1,2,2,0,1,1,0,10,0
350,0,2,2,0,2,0,0,7,1
350,0,3,2,0,2,0,0,9,0
351,0,1,15,0,1,0,0,22,1
351,0,3,18,1,2,0,0,30,0
352,1,5,93,83,2,1,0,207,1
352,0,1,90,70,1,0,0,193,0
353,1,15,39,27,4,1,0,145,1
353,1,15,38,27,4,1,0,145,0
354,1,11,53,24,4,1,0,142,1
354,1,15,39,27,4,1,0,145,0
355,1,16,43,17,4,1,0,92,1
355,1,16,44,17,4,1,0,93,0
358,0,3,12,0,2,0,0,17,1
358,1,5,17,2,2,1,0,28,0
359,3,10,49,5,3,1,0,92,1
359,3,10,49,5,3,1,0,89,0
360,0,9,66,2,4,0,0,95,1
360,0,9,69,2,4,0,0,99,0
361,1,14,22,16,9,1,0,52,1
361,1,16,22,16,10,1,0,56,0
363,0,2,4,8,1,0,0,15,1
363,0,1,3,8,1,0,0,13,0
364,1,3,5,0,4,1,0,10,1
364,1,6,8,0,3,1,0,15,0
365,0,1,1,0,1,0,0,5,1
365,0,1,1,0,1,0,0,12,0
366,1,1,2,1,2,1,0,7,1
366,1,1,2,1,2,1,0,7,0
367,1,20,78,17,3,1,0,95,1
367,1,21,66,22,3,1,0,91,0
368,8,18,52,44,4,3,0,116,1
368,8,17,50,44,4,3,0,113,0
369,1,1,14,9,1,1,0,18,1
369,1,4,17,12,3,1,0,27,0
370,0,10,29,10,2,0,0,74,1
370,0,10,28,11,2,0,0,72,0
371,0,4,8,4,1,0,0,18,1
371,0,5,9,4,1,0,0,20,0
372,0,12,30,20,5,0,0,57,1
372,0,4,29,14,1,0,0,57,0
373,0,2,7,0,1,0,0,11,1
373,0,1,7,0,1,0,0,9,0
374,5,5,50,281,9,5,0,209,1
374,5,5,51,281,9,5,0,208,0
375,0,0,2,0,0,0,0,3,1
375,0,0,2,0,0,0,0,2,0
376,0,7,27,14,3,0,0,32,1
376,0,6,28,14,3,0,0,28,0
377,1,2,8,3,2,1,0,22,1
377,3,5,9,13,5,3,0,28,0
378,0,2,0,2,1,0,0,5,1
378,0,1,0,1,1,0,0,3,0
379,1,2,4,0,2,1,0,10,1
379,1,2,5,0,2,1,0,11,0
380,2,10,67,11,3,1,0,86,1
380,2,10,68,11,3,1,0,86,0
381,0,1,9,6,1,0,0,15,1
381,1,1,14,9,1,1,0,18,0
382,0,20,57,10,5,0,0,117,1
382,0,20,57,10,5,0,0,115,0
383,0,1,20,0,1,0,0,29,1
383,0,1,19,0,1,0,0,25,0
384,1,8,9,27,3,1,0,38,1
384,1,5,7,25,3,1,0,31,0
386,0,3,10,0,1,0,0,12,1
386,0,5,8,0,2,0,0,13,0
387,1,6,18,7,2,1,0,41,1
387,1,6,19,7,2,1,0,42,0
388,0,1,7,2,1,0,0,14,1
388,0,1,8,2,1,0,0,14,0
389,0,0,2,0,0,0,0,3,1
389,0,0,2,0,0,0,0,2,0
390,0,2,5,8,1,0,0,16,1
390,0,0,2,0,0,0,0,4,0
392,0,0,4,2,0,0,0,9,1
392,0,0,4,1,0,0,0,8,0
393,1,5,4,10,5,1,0,16,1
393,1,4,4,8,4,1,0,14,0
394,3,15,66,13,7,1,0,94,1
394,3,15,67,13,7,1,0,95,0
395,0,4,8,7,3,0,0,16,1
395,0,4,10,7,3,0,0,14,0
396,0,4,3,10,3,0,0,13,1
396,0,3,2,8,2,0,0,11,0
398,1,5,13,14,2,1,0,30,1
398,1,5,13,14,2,1,0,30,0
401,0,8,22,1,3,0,0,30,1
401,0,9,13,1,5,0,0,25,0
402,0,1,2,0,1,0,0,4,1
402,0,1,2,0,1,0,0,8,0
403,1,3,4,6,3,1,0,10,1
403,1,3,3,6,3,1,0,10,0
404,0,5,26,7,2,0,0,38,1
404,0,5,27,7,2,0,0,39,0
405,0,2,1,0,1,0,0,8,1
405,1,2,6,3,1,1,0,18,0
407,1,10,32,11,4,1,0,69,1
407,0,13,32,21,4,0,0,74,0
409,1,1,5,0,2,1,0,8,1
409,1,1,6,0,2,1,0,9,0
410,0,0,2,0,0,0,0,3,1
410,0,0,2,0,0,0,0,3,0
411,0,8,24,24,3,0,0,44,1
411,0,4,24,12,1,0,0,45,0
412,1,4,11,7,3,1,0,19,1
412,1,4,11,6,3,1,0,19,0
413,1,1,7,0,2,1,0,9,1
413,1,1,8,0,2,1,0,10,0
414,1,3,6,0,2,1,0,12,1
414,1,3,7,0,2,1,0,12,0
415,0,2,8,1,2,0,0,18,1
415,0,1,4,1,1,0,0,11,0
417,0,3,16,5,3,0,0,29,1
417,0,3,17,5,3,0,0,30,0
418,1,5,24,8,3,1,0,39,1
418,1,5,24,8,3,1,0,39,0
419,0,0,23,0,0,0,0,35,1
419,0,0,25,0,0,0,0,39,0
420,0,4,7,8,2,0,0,12,1
420,0,1,3,0,1,0,0,5,0
421,0,5,12,4,2,0,0,18,1
421,0,5,9,4,2,0,0,18,0
422,0,0,4,0,0,0,0,5,1
422,0,2,7,2,1,0,0,12,0
423,0,1,28,0,1,0,0,51,1
423,0,1,29,0,1,0,0,52,0
424,0,0,6,0,0,0,0,7,1
424,0,0,10,1,0,0,0,12,0
425,0,5,12,11,1,0,0,45,1
425,0,5,12,11,1,0,0,45,0
426,0,2,4,0,2,0,0,6,1
426,0,2,4,0,1,0,0,11,0
427,0,0,6,0,0,0,0,7,1
427,0,1,11,1,1,0,0,14,0
428,0,0,2,0,0,0,0,11,1
428,0,0,2,6,0,0,0,11,0
429,0,7,22,5,2,0,0,35,1
429,0,7,26,5,2,0,0,39,0
431,0,15,56,19,3,0,0,107,1
431,0,15,56,19,3,0,0,107,0
432,11,18,42,43,7,5,0,108,1
432,11,18,42,43,7,5,0,108,0
433,0,2,5,0,1,0,0,16,1
433,0,2,5,0,1,0,0,16,0
434,0,1,3,1,1,0,0,7,1
434,0,0,3,0,0,0,0,5,0
437,1,13,33,17,6,1,0,75,1
437,1,13,34,16,6,1,0,76,0
438,1,2,2,8,2,1,0,9,1
438,1,2,1,8,2,1,0,8,0
439,0,1,10,1,1,0,0,11,1
439,0,1,14,1,1,0,0,13,0
440,0,4,6,7,4,0,0,11,1
440,0,3,5,5,3,0,0,9,0
441,0,3,3,7,3,0,0,9,1
441,0,2,2,5,2,0,0,7,0
442,0,4,6,7,4,0,0,11,1
442,0,3,5,5,3,0,0,9,0
443,0,1,10,1,1,0,0,12,1
443,0,1,14,2,1,0,0,23,0
444,0,10,8,2,4,0,0,30,1
444,0,10,14,1,5,0,0,27,0
445,0,3,4,6,3,0,0,9,1
445,0,2,3,4,2,0,0,7,0
446,0,6,14,3,3,0,0,24,1
446,0,11,20,7,4,0,0,35,0
450,1,5,6,1,5,1,0,16,1
450,1,5,6,1,5,1,0,17,0
451,0,0,8,2,0,0,0,18,1
451,5,6,20,11,7,3,0,47,0
453,0,4,3,10,3,0,0,11,1
453,0,3,2,8,2,0,0,9,0
454,0,7,6,5,4,0,0,29,1
454,1,3,5,1,4,1,0,12,0
455,0,7,47,57,3,0,0,63,1
455,0,7,48,58,3,0,0,64,0
456,2,12,16,6,6,1,0,34,1
456,3,13,16,9,5,1,0,39,0
457,1,15,27,9,7,1,0,37,1
457,1,15,27,9,7,1,0,38,0
458,3,3,14,1,5,2,0,21,1
458,3,3,13,1,5,2,0,20,0
459,0,4,4,9,2,0,0,20,1
459,0,4,5,9,2,0,0,21,0
461,0,7,6,0,3,0,0,32,1
461,0,7,5,0,3,0,0,28,0
462,2,10,18,0,5,1,0,31,1
462,2,10,21,0,5,1,0,34,0
463,0,1,20,0,1,0,0,28,1
463,1,1,12,5,1,1,0,24,0
464,0,1,12,0,1,0,0,25,1
464,0,1,14,0,1,0,0,26,0
465,0,0,2,0,0,0,0,4,1
465,0,0,2,0,0,0,0,3,0
466,0,15,18,17,2,0,0,111,1
466,0,16,19,17,2,0,0,116,0
467,0,7,27,2,2,0,0,55,1
467,0,7,27,2,2,0,0,55,0
469,1,1,10,0,2,1,0,16,1
469,1,1,10,0,2,1,0,17,0
470,2,2,9,5,3,1,0,20,1
470,2,2,9,5,3,1,0,20,0
472,0,0,3,1,0,0,0,4,1
472,0,0,4,1,0,0,0,4,0
475,1,5,15,0,2,1,0,49,1
475,1,6,16,0,2,1,0,54,0
477,1,6,21,1,3,1,0,49,1
477,1,6,21,2,3,1,0,52,0
479,0,1,3,0,1,0,0,5,1
479,0,1,3,0,1,0,0,5,0
483,0,0,2,0,0,0,0,23,1
483,0,0,2,0,0,0,0,23,0
484,0,4,6,2,2,0,0,16,1
484,0,4,6,2,2,0,0,16,0
485,0,0,1,1,0,0,0,2,1
485,0,1,1,1,1,0,0,4,0
487,0,0,1,0,0,0,0,2,1
487,0,1,4,0,1,0,0,4,0
490,2,3,16,6,1,1,0,39,1
490,2,3,16,6,1,1,0,39,0
492,0,0,10,0,0,0,0,13,1
492,0,0,10,0,0,0,0,13,0
493,0,0,2,0,0,0,0,7,1
493,0,1,2,1,1,0,0,9,0
494,0,0,7,0,0,0,0,23,1
494,0,0,5,0,0,0,0,9,0
495,0,0,7,0,0,0,0,12,1
495,0,1,8,0,1,0,0,19,0
496,0,0,1,0,0,0,0,3,1
496,0,0,0,0,0,0,0,4,0
497,2,3,16,6,2,1,0,32,1
497,2,4,19,2,2,1,0,30,0
498,0,7,26,2,2,0,0,70,1
498,0,8,29,2,2,0,0,74,0
501,1,3,6,0,2,1,0,11,1
501,1,5,10,1,3,1,0,17,0
502,0,0,0,0,0,0,0,2,1
502,0,0,0,0,0,0,0,6,0
503,0,4,114,2,2,0,0,71,1
503,0,4,106,2,2,0,0,67,0
504,1,6,23,1,2,1,0,36,1
504,1,7,23,1,2,1,0,38,0
505,0,1,2,0,1,0,0,10,1
505,0,1,2,0,1,0,0,10,0
506,0,3,19,0,1,0,0,29,1
506,0,3,19,0,1,0,0,29,0
507,0,2,5,0,1,0,0,15,1
507,0,2,6,0,1,0,0,14,0
508,1,10,23,6,2,1,0,54,1
508,1,10,23,6,2,1,0,54,0
509,0,1,18,7,1,0,0,22,1
509,2,3,20,9,4,2,0,31,0
510,1,1,15,0,1,1,0,20,1
510,1,1,15,0,1,1,0,20,0
511,0,0,5,0,0,0,0,9,1
511,0,0,5,0,0,0,0,9,0
512,0,1,4,0,1,0,0,5,1
512,0,0,2,0,0,0,0,7,0
513,0,1,5,0,1,0,0,27,1
513,0,1,5,0,1,0,0,27,0
514,0,2,7,0,1,0,0,11,1
514,0,2,8,0,1,0,0,12,0
515,0,4,4,0,1,0,0,15,1
515,0,5,5,0,1,0,0,17,0
516,0,0,3,0,0,0,0,4,1
516,0,0,3,0,0,0,0,4,0
517,0,0,2,0,0,0,0,7,1
517,0,0,2,0,0,0,0,8,0
518,1,8,18,2,2,1,0,40,1
518,1,9,20,2,2,1,0,43,0
520,0,0,1,0,0,0,0,4,1
520,0,0,1,0,0,0,0,4,0
521,0,0,12,1,0,0,0,13,1
521,0,0,12,1,0,0,0,13,0
525,1,1,7,2,2,1,0,13,1
525,1,1,7,2,2,1,0,12,0
526,0,1,8,0,1,0,0,14,1
526,0,1,8,0,1,0,0,15,0
527,0,0,1,1,0,0,0,4,1
527,0,0,1,1,0,0,0,4,0
528,0,0,2,0,0,0,0,2,1
528,0,0,2,1,0,0,0,7,0
529,0,0,2,0,0,0,0,3,1
529,0,0,2,0,0,0,0,4,0
532,0,1,8,0,1,0,0,10,1
532,0,1,8,0,1,0,0,10,0
533,1,1,21,3,1,1,0,19,1
533,1,2,24,3,2,1,0,25,0
534,0,0,3,0,0,0,0,4,1
534,0,0,4,0,0,0,0,4,0
535,0,2,33,9,1,0,0,42,1
535,0,3,34,9,1,0,0,50,0
536,0,0,2,0,0,0,0,7,1
536,0,0,2,0,0,0,0,9,0
537,0,2,11,1,1,0,0,27,1
537,0,2,11,1,1,0,0,27,0
539,0,7,27,2,2,0,0,55,1
539,0,7,27,2,2,0,0,55,0
540,0,0,2,0,0,0,0,4,1
540,0,1,2,0,1,0,0,7,0
541,1,0,18,0,1,1,0,19,1
541,1,0,18,0,1,1,0,19,0
542,2,5,22,0,3,1,0,23,1
542,2,5,22,0,3,1,0,23,0
543,0,0,48,2,0,0,0,44,1
543,0,0,49,2,0,0,0,45,0
545,0,1,2,0,1,0,0,7,1
545,0,1,2,0,1,0,0,7,0
546,0,3,7,3,3,0,0,11,1
546,0,3,7,3,3,0,0,12,0
548,0,0,4,2,0,0,0,29,1
548,0,0,4,2,0,0,0,36,0
549,1,2,6,1,2,1,0,17,1
549,1,2,7,1,2,1,0,18,0
550,0,0,3,0,0,0,0,3,1
550,0,0,3,0,0,0,0,3,0
551,2,5,19,0,3,1,0,20,1
551,2,4,16,0,3,1,0,17,0
552,0,0,0,0,0,0,0,10,1
552,0,0,0,0,0,0,0,12,0
553,1,9,18,0,2,1,0,39,1
553,1,9,20,0,2,1,0,40,0
554,0,0,4,0,0,0,0,3,1
554,0,0,5,0,0,0,0,4,0
555,0,3,111,0,2,0,0,65,1
555,0,3,103,0,2,0,0,61,0
556,0,0,2,0,0,0,0,5,1
556,0,0,3,0,0,0,0,6,0
557,1,2,13,1,2,1,0,18,1
557,1,2,13,1,2,1,0,18,0
560,0,0,0,1,0,0,0,3,1
560,0,3,3,2,1,0,0,13,0
561,1,1,2,1,2,1,0,7,1
561,1,1,2,1,2,1,0,7,0
562,0,4,9,10,1,0,0,40,1
562,0,5,9,10,2,0,0,41,0
563,0,0,3,0,0,0,0,4,1
563,0,0,4,0,0,0,0,3,0
564,0,2,9,1,2,0,0,53,1
564,0,2,9,1,2,0,0,52,0
566,0,3,9,0,1,0,0,13,1
566,0,3,8,0,1,0,0,10,0
567,0,0,9,0,0,0,0,9,1
567,0,0,9,0,0,0,0,9,0
568,0,0,3,1,0,0,0,4,1
568,0,0,4,1,0,0,0,4,0
570,0,0,1,0,0,0,0,6,1
570,0,0,1,0,0,0,0,7,0
571,0,2,7,0,1,0,0,11,1
571,0,3,9,1,1,0,0,14,0
572,0,0,0,0,0,0,0,3,1
572,0,0,0,0,0,0,0,4,0
574,0,6,10,0,2,0,0,20,1
574,0,6,10,0,2,0,0,20,0
575,0,0,1,0,0,0,0,3,1
575,0,0,1,0,0,0,0,3,0
576,0,4,10,7,3,0,0,26,1
576,0,2,6,4,1,0,0,16,0
577,0,1,5,2,1,0,0,7,1
577,0,2,8,2,1,0,0,14,0
578,0,0,1,1,0,0,0,4,1
578,0,1,2,1,1,0,0,6,0
580,0,0,6,0,0,0,0,11,1
580,0,1,6,0,1,0,0,11,0
581,0,1,3,0,1,0,0,6,1
581,0,2,5,1,2,0,0,12,0
582,0,0,2,0,0,0,0,4,1
582,0,1,2,0,1,0,0,6,0
583,0,1,3,0,1,0,0,5,1
583,0,1,3,0,1,0,0,5,0
584,1,1,4,1,2,1,0,15,1
584,1,2,6,1,2,1,0,17,0
585,0,2,3,2,1,0,0,8,1
585,0,2,4,2,1,0,0,9,0
586,1,8,14,0,4,1,0,46,1
586,1,4,10,0,3,1,0,29,0
587,0,0,2,0,0,0,0,4,1
587,0,0,2,0,0,0,0,5,0
589,0,3,14,1,3,0,0,24,1
589,0,3,14,1,3,0,0,24,0
590,1,1,8,0,2,1,0,12,1
590,1,1,8,0,2,1,0,12,0
591,0,1,9,0,1,0,0,11,1
591,0,1,9,0,1,0,0,11,0
592,0,0,2,4,0,0,0,12,1
592,0,0,6,3,0,0,0,18,0
593,0,1,3,0,1,0,0,6,1
593,0,2,3,0,2,0,0,7,0
594,0,0,2,0,0,0,0,2,1
594,0,0,2,0,0,0,0,2,0
596,1,0,6,0,1,1,0,5,1
596,2,1,8,0,2,1,0,15,0
597,0,0,12,1,0,0,0,12,1
597,0,0,12,1,0,0,0,12,0
598,0,3,19,2,1,0,0,43,1
598,0,3,23,0,1,0,0,44,0
599,0,10,0,11,3,0,0,32,1
599,0,11,0,11,3,0,0,34,0
600,0,0,3,0,0,0,0,12,1
600,0,0,3,0,0,0,0,14,0
602,0,0,3,0,0,0,0,3,1
602,0,2,5,1,1,0,0,16,0
603,0,2,4,0,2,0,0,8,1
603,0,2,4,0,2,0,0,8,0
604,0,1,7,0,1,0,0,12,1
604,0,1,7,0,1,0,0,12,0
605,0,0,5,2,0,0,0,6,1
605,0,0,5,2,0,0,0,6,0
606,0,0,6,0,0,0,0,16,1
606,0,0,6,0,0,0,0,16,0
607,0,1,3,0,1,0,0,5,1
607,0,1,3,0,1,0,0,5,0
609,0,0,0,0,0,0,0,3,1
609,0,0,0,0,0,0,0,3,0
610,0,0,4,0,0,0,0,3,1
610,0,0,5,0,0,0,0,4,0
612,0,5,6,0,1,0,0,22,1
612,0,5,6,0,1,0,0,22,0
613,0,0,2,0,0,0,0,2,1
613,0,0,2,0,0,0,0,2,0
614,0,0,4,0,0,0,0,134,1
614,0,0,4,0,0,0,0,134,0
615,0,1,5,0,1,0,0,8,1
615,0,0,2,1,0,0,0,2,0
616,0,0,3,0,0,0,0,5,1
616,0,0,3,1,0,0,0,3,0
617,0,0,1,0,0,0,0,2,1
617,0,0,1,0,0,0,0,2,0
618,0,2,4,4,1,0,0,16,1
618,0,0,2,4,0,0,0,11,0
620,0,0,2,0,0,0,0,15,1
620,0,0,1,0,0,0,0,11,0
621,1,7,17,6,2,1,0,43,1
621,1,7,17,6,2,1,0,45,0
622,1,7,19,7,2,1,0,48,1
622,1,7,19,7,2,1,0,50,0
623,1,0,8,0,1,1,0,8,1
623,1,0,7,0,1,1,0,8,0
624,0,2,12,0,1,0,0,16,1
624,0,2,14,0,1,0,0,18,0
625,0,0,3,0,0,0,0,4,1
625,0,0,3,0,0,0,0,4,0
626,1,0,9,0,1,1,0,13,1
626,1,0,8,0,1,1,0,13,0
629,0,2,5,0,1,0,0,15,1
629,0,2,6,0,1,0,0,14,0
632,0,1,4,3,1,0,0,57,1
632,0,1,4,3,1,0,0,59,0
633,0,2,6,4,1,0,0,18,1
633,0,2,6,5,1,0,0,20,0
634,0,1,4,4,1,0,0,19,1
634,0,1,4,4,1,0,0,22,0
635,0,1,7,0,1,0,0,18,1
635,0,1,7,0,1,0,0,18,0
636,0,1,4,0,1,0,0,5,1
636,0,1,3,0,1,0,0,4,0
637,0,0,2,0,0,0,0,12,1
637,0,0,2,0,0,0,0,20,0
638,0,3,9,1,2,0,0,19,1
638,0,3,9,1,2,0,0,18,0
639,0,0,2,0,0,0,0,10,1
639,0,0,2,0,0,0,0,9,0
640,0,1,13,3,1,0,0,22,1
640,0,1,14,3,1,0,0,23,0
641,0,1,3,10,1,0,0,27,1
641,0,1,3,12,1,0,0,29,0
643,0,0,2,0,0,0,0,2,1
643,0,0,2,0,0,0,0,2,0
645,0,0,3,1,0,0,0,5,1
645,0,0,4,1,0,0,0,4,0
649,0,0,3,0,0,0,0,13,1
649,0,0,3,0,0,0,0,14,0
651,0,1,5,0,1,0,0,6,1
651,0,1,5,0,1,0,0,5,0
653,0,0,2,0,0,0,0,8,1
653,0,0,1,0,0,0,0,7,0
654,0,1,15,0,1,0,0,23,1
654,0,1,12,0,1,0,0,21,0
655,0,0,6,3,0,0,0,34,1
655,0,0,5,3,0,0,0,33,0
656,0,2,5,1,1,0,0,13,1
656,0,3,5,2,1,0,0,16,0
657,0,0,2,2,0,0,0,7,1
657,0,0,2,4,0,0,0,13,0
659,0,0,3,0,0,0,0,14,1
659,0,0,2,0,0,0,0,4,0
660,0,0,0,0,0,0,0,10,1
660,0,0,0,0,0,0,0,12,0
662,0,0,3,0,0,0,0,9,1
662,0,0,3,0,0,0,0,10,0
663,1,0,7,0,1,1,0,12,1
663,1,0,6,0,1,1,0,11,0
664,0,0,3,1,0,0,0,4,1
664,0,0,3,1,0,0,0,8,0
666,2,2,14,0,3,2,0,15,1
666,2,2,14,0,3,2,0,15,0
668,0,1,2,0,1,0,0,7,1
668,0,1,2,0,1,0,0,7,0
669,0,0,3,0,0,0,0,6,1
669,0,0,3,0,0,0,0,6,0
670,0,2,6,0,1,0,0,14,1
670,0,2,6,1,1,0,0,12,0
671,0,1,5,0,1,0,0,14,1
671,0,1,5,0,1,0,0,14,0
672,0,2,4,2,1,0,0,13,1
672,0,2,4,2,1,0,0,13,0
673,0,1,9,2,1,0,0,9,1
673,0,0,3,6,0,0,0,19,0
674,0,2,5,0,1,0,0,10,1
674,0,4,6,0,1,0,0,14,0
675,0,1,3,0,1,0,0,12,1
675,0,1,3,0,1,0,0,12,0
676,0,0,1,0,0,0,0,6,1
676,0,0,1,0,0,0,0,5,0
679,0,4,3,4,1,0,0,17,1
679,0,4,3,4,1,0,0,17,0
680,0,0,5,3,0,0,0,16,1
680,0,0,3,3,0,0,0,14,0
685,0,1,1,0,1,0,0,9,1
685,0,1,1,0,1,0,0,11,0
686,0,1,4,5,1,0,0,17,1
686,0,1,5,4,1,0,0,19,0
687,0,1,9,1,1,0,0,36,1
687,0,1,9,1,1,0,0,36,0
689,0,1,1,0,1,0,0,11,1
689,0,1,1,0,1,0,0,11,0
690,0,0,0,0,0,0,0,2,1
690,0,0,0,0,0,0,0,2,0
691,0,0,0,0,0,0,0,2,1
691,0,0,0,0,0,0,0,4,0
692,0,0,1,0,0,0,0,2,1
692,0,0,1,0,0,0,0,2,0
693,0,0,3,0,0,0,0,5,1
693,0,0,2,0,0,0,0,4,0
694,0,0,5,0,0,0,0,11,1
694,0,0,4,0,0,0,0,10,0
695,0,0,2,4,0,0,0,20,1
695,0,0,2,7,0,0,0,24,0
696,0,0,4,0,0,0,0,13,1
696,0,0,4,0,0,0,0,15,0
697,0,0,9,0,0,0,0,14,1
697,0,0,9,0,0,0,0,14,0
699,0,0,2,0,0,0,0,3,1
699,0,0,5,0,0,0,0,5,0
700,0,2,4,1,2,0,0,16,1
700,0,2,6,1,2,0,0,16,0
702,0,8,30,2,2,0,0,59,1
702,0,8,30,2,2,0,0,59,0
703,1,5,11,5,4,1,0,31,1
703,3,8,17,7,4,1,0,45,0
705,0,2,2,1,1,0,0,5,1
705,0,2,3,1,1,0,0,6,0
712,0,0,2,0,0,0,0,3,1
712,0,1,2,0,1,0,0,6,0
714,0,3,7,0,2,0,0,25,1
714,0,4,6,0,2,0,0,19,0
715,0,1,12,0,1,0,0,18,1
715,0,1,11,0,1,0,0,17,0
716,0,1,6,6,1,0,0,22,1
716,0,1,3,5,1,0,0,10,0
717,0,0,2,0,0,0,0,5,1
717,0,0,2,0,0,0,0,5,0
719,0,1,4,0,1,0,0,23,1
719,0,1,6,0,1,0,0,26,0
720,0,1,4,0,1,0,0,23,1
720,0,0,3,0,0,0,0,18,0
723,0,0,0,0,0,0,0,2,1
723,0,0,0,0,0,0,0,4,0
725,0,0,4,1,0,0,0,5,1
725,0,0,3,1,0,0,0,4,0
726,0,2,15,2,1,0,0,18,1
726,0,3,17,5,1,0,0,28,0
727,1,0,5,3,1,1,0,10,1
727,1,0,6,3,1,1,0,11,0
729,0,1,4,0,1,0,0,7,1
729,0,1,5,0,1,0,0,8,0
730,0,1,1,0,1,0,0,5,1
730,0,1,1,0,1,0,0,7,0
731,0,0,1,0,0,0,0,5,1
731,0,0,1,0,0,0,0,13,0
732,0,3,12,0,1,0,0,21,1
732,0,3,12,0,1,0,0,21,0
733,0,0,2,0,0,0,0,9,1
733,0,0,3,0,0,0,0,10,0
734,0,0,4,1,0,0,0,4,1
734,0,0,4,1,0,0,0,4,0
735,0,3,11,0,1,0,0,22,1
735,0,3,11,0,1,0,0,22,0
736,0,0,0,0,0,0,0,2,1
736,0,0,0,0,0,0,0,5,0
737,0,1,5,1,1,0,0,7,1
737,0,1,6,1,1,0,0,7,0
738,0,0,2,3,0,0,0,3,1
738,0,0,2,3,0,0,0,4,0
740,0,2,33,9,1,0,0,43,1
740,0,3,37,9,1,0,0,54,0
741,0,5,15,5,1,0,0,36,1
741,0,5,15,5,1,0,0,40,0
742,0,0,2,1,0,0,0,4,1
742,0,1,4,3,1,0,0,7,0
744,0,0,6,0,0,0,0,9,1
744,0,0,6,0,0,0,0,18,0
746,0,0,2,0,0,0,0,4,1
746,0,0,2,0,0,0,0,4,0
747,3,5,19,0,3,1,0,46,1
747,3,6,33,3,3,1,0,61,0
748,1,1,6,0,1,1,0,7,1
748,1,1,5,0,1,1,0,7,0
749,0,0,2,0,0,0,0,6,1
749,0,0,2,4,0,0,0,10,0
751,0,0,4,2,0,0,0,5,1
751,0,0,3,1,0,0,0,4,0
753,0,0,2,0,0,0,0,24,1
753,0,0,2,6,0,0,0,30,0
756,0,0,3,0,0,0,0,2,1
756,0,0,3,0,0,0,0,6,0
757,0,0,3,0,0,0,0,8,1
757,0,1,6,0,1,0,0,17,0
758,0,0,2,0,0,0,0,12,1
758,0,0,2,0,0,0,0,20,0
759,0,5,14,0,1,0,0,28,1
759,0,5,14,0,1,0,0,28,0
760,0,1,5,0,1,0,0,15,1
760,0,0,2,0,0,0,0,11,0
761,0,0,2,0,0,0,0,3,1
761,0,0,2,0,0,0,0,3,0
762,0,0,0,0,0,0,0,2,1
762,0,0,0,0,0,0,0,2,0
763,0,0,2,0,0,0,0,4,1
763,0,0,2,0,0,0,0,4,0
764,0,2,2,0,1,0,0,45,1
764,0,0,2,0,0,0,0,43,0
765,0,9,17,7,2,0,0,84,1
765,0,11,19,7,2,0,0,98,0
766,0,0,4,1,0,0,0,4,1
766,0,1,4,1,1,0,0,8,0
767,0,2,4,0,2,0,0,9,1
767,0,2,4,0,2,0,0,9,0
768,0,2,7,4,2,0,0,16,1
768,0,2,7,4,2,0,0,16,0
769,2,3,14,5,3,1,0,22,1
769,2,4,16,5,3,1,0,32,0
770,0,1,3,1,1,0,0,15,1
770,0,1,3,1,1,0,0,15,0
771,0,1,6,0,1,0,0,18,1
771,0,2,6,0,1,0,0,20,0
774,1,3,14,0,3,1,0,17,1
774,1,3,14,0,3,1,0,19,0
775,0,1,2,1,1,0,0,4,1
775,0,1,2,1,1,0,0,5,0
777,0,0,2,11,0,0,0,51,1
777,0,0,2,28,0,0,0,65,0
778,1,7,12,11,8,1,0,26,1
778,2,2,3,0,4,2,0,9,0
779,0,1,3,0,1,0,0,5,1
779,0,1,3,0,1,0,0,5,0
780,0,7,22,0,2,0,0,38,1
780,0,7,22,0,2,0,0,38,0
781,0,0,7,0,0,0,0,8,1
781,0,0,7,0,0,0,0,8,0
782,0,0,12,1,0,0,0,12,1
782,0,0,12,1,0,0,0,12,0
783,0,3,22,6,1,0,0,47,1
783,0,3,28,6,1,0,0,47,0
784,0,0,2,0,0,0,0,9,1
784,0,1,3,0,1,0,0,15,0
785,0,2,3,0,1,0,0,7,1
785,0,2,3,0,1,0,0,7,0
786,0,1,9,2,1,0,0,9,1
786,0,0,3,6,0,0,0,19,0
787,0,5,7,5,1,0,0,41,1
787,0,5,7,5,1,0,0,42,0
788,0,1,6,2,1,0,0,6,1
788,0,1,6,2,1,0,0,6,0
791,1,2,16,1,2,1,0,37,1
791,1,3,18,1,2,1,0,39,0
792,0,0,1,1,0,0,0,4,1
792,0,0,2,0,0,0,0,2,0
793,0,0,5,4,0,0,0,11,1
793,0,0,6,4,0,0,0,11,0
794,0,2,13,2,1,0,0,19,1
794,0,3,14,2,2,0,0,21,0
795,0,0,2,0,0,0,0,4,1
795,0,0,2,0,0,0,0,5,0
796,0,0,1,0,0,0,0,6,1
796,0,0,1,0,0,0,0,5,0
797,1,6,12,2,4,1,0,24,1
797,1,5,10,2,4,1,0,20,0
798,0,0,2,0,0,0,0,14,1
798,0,0,3,0,0,0,0,15,0
799,0,0,5,0,0,0,0,16,1
799,3,5,14,0,4,1,0,30,0
800,0,4,27,2,1,0,0,51,1
800,0,4,27,2,1,0,0,51,0
801,3,4,11,10,3,2,0,32,1
801,3,4,11,11,3,2,0,39,0
802,1,2,19,1,1,1,0,26,1
802,1,1,16,1,1,1,0,22,0
803,0,0,1,0,0,0,0,10,1
803,0,1,1,0,1,0,0,13,0
804,0,3,7,0,2,0,0,13,1
804,0,3,7,0,2,0,0,13,0
805,1,1,8,3,2,1,0,19,1
805,0,0,3,0,0,0,0,7,0
806,0,2,8,1,1,0,0,15,1
806,0,4,14,1,3,0,0,24,0
808,0,0,2,0,0,0,0,3,1
808,0,0,2,0,0,0,0,3,0
810,0,0,2,0,0,0,0,12,1
810,0,0,2,0,0,0,0,12,0
811,1,0,3,0,1,1,0,5,1
811,0,1,2,0,1,0,0,4,0
814,0,0,6,6,0,0,0,37,1
814,0,0,6,7,0,0,0,39,0
815,0,3,8,0,2,0,0,10,1
815,0,0,3,0,0,0,0,3,0
817,2,3,18,9,4,2,0,38,1
817,2,4,18,10,5,2,0,40,0
818,0,1,3,0,1,0,0,11,1
818,0,1,3,0,1,0,0,8,0
819,0,0,0,0,0,0,0,10,1
819,0,0,0,0,0,0,0,11,0
820,0,1,3,3,1,0,0,9,1
820,0,2,3,3,1,0,0,11,0
821,0,2,2,0,2,0,0,9,1
821,0,1,4,0,1,0,0,10,0
822,1,3,7,1,2,1,0,18,1
822,1,3,8,1,2,1,0,21,0
823,1,1,4,3,2,1,0,10,1
823,1,1,4,3,2,1,0,10,0
824,0,0,2,0,0,0,0,5,1
824,0,0,2,2,0,0,0,5,0
827,0,0,3,0,0,0,0,15,1
827,0,0,3,0,0,0,0,28,0
828,0,1,3,0,1,0,0,19,1
828,0,1,3,2,1,0,0,19,0
829,0,4,8,0,2,0,0,16,1
829,0,3,4,0,2,0,0,10,0
830,0,10,7,21,1,0,0,50,1
830,0,10,5,21,1,0,0,45,0
831,0,0,2,0,0,0,0,6,1
831,0,0,3,0,0,0,0,6,0
832,1,0,7,0,1,1,0,8,1
832,1,0,6,0,1,1,0,8,0
834,1,5,14,3,3,1,0,20,1
834,1,5,17,3,3,1,0,23,0
836,0,0,3,0,0,0,0,6,1
836,0,0,3,0,0,0,0,6,0
837,0,0,5,0,0,0,0,5,1
837,0,0,5,0,0,0,0,5,0
841,0,1,9,7,1,0,0,38,1
841,0,1,9,7,1,0,0,38,0
842,0,2,5,1,1,0,0,8,1
842,0,2,7,1,1,0,0,9,0
844,0,13,232,0,1,0,0,198,1
844,0,13,230,0,1,0,0,197,0
848,0,3,6,4,3,0,0,11,1
848,0,2,8,1,1,0,0,15,0
849,0,0,17,0,0,0,0,18,1
849,0,0,18,0,0,0,0,19,0
850,0,3,6,3,2,0,0,26,1
850,0,3,6,3,2,0,0,26,0
852,0,1,5,0,1,0,0,7,1
852,0,2,5,0,1,0,0,10,0
853,1,1,13,2,2,1,0,24,1
853,1,1,13,2,2,1,0,24,0
857,0,1,3,2,1,0,0,9,1
857,0,1,3,2,1,0,0,9,0
858,1,1,12,0,2,1,0,27,1
858,1,1,10,0,2,1,0,10,0
859,2,6,16,8,3,1,0,27,1
859,2,7,23,6,3,1,0,30,0
860,0,0,4,0,0,0,0,6,1
860,0,0,2,0,0,0,0,7,0
862,0,0,0,0,0,0,0,2,1
862,0,0,0,0,0,0,0,2,0
863,0,0,1,0,0,0,0,4,1
863,0,0,0,0,0,0,0,3,0
864,1,0,3,0,1,1,0,5,1
864,3,3,17,0,2,1,0,22,0
865,0,0,5,0,0,0,0,5,1
865,0,0,6,0,0,0,0,5,0
866,0,0,4,0,0,0,0,7,1
866,0,0,6,0,0,0,0,6,0
867,1,5,10,1,3,1,0,17,1
867,1,5,11,1,3,1,0,18,0
868,0,2,4,0,1,0,0,8,1
868,0,3,4,0,1,0,0,9,0
869,1,3,10,3,3,1,0,21,1
869,0,3,9,4,2,0,0,18,0
870,0,0,3,12,0,0,0,30,1
870,0,1,3,13,1,0,0,33,0
872,0,1,4,7,1,0,0,16,1
872,0,1,3,4,1,0,0,11,0
873,0,0,4,0,0,0,0,5,1
873,0,0,6,0,0,0,0,6,0
874,0,3,18,4,1,0,0,36,1
874,0,3,18,2,1,0,0,33,0
875,1,4,9,0,2,1,0,19,1
875,1,5,10,1,2,1,0,22,0
876,0,0,2,0,0,0,0,11,1
876,0,0,2,0,0,0,0,9,0
880,1,5,23,2,2,1,1,52,1
880,1,5,23,2,2,1,1,52,0
881,0,2,2,4,2,0,0,22,1
881,0,2,4,4,2,0,0,25,0
882,0,2,7,1,2,0,0,15,1
882,0,2,7,1,2,0,0,15,0
883,0,0,9,0,0,0,0,14,1
883,0,1,13,0,1,0,0,20,0
884,0,1,7,0,1,0,0,10,1
884,0,1,7,0,1,0,0,12,0
885,1,1,5,0,2,1,0,7,1
885,1,1,5,0,2,1,0,7,0
886,1,11,32,15,3,1,0,85,1
886,1,12,37,17,3,1,0,92,0
887,0,0,1,0,0,0,0,2,1
887,0,0,1,0,0,0,0,2,0
888,4,11,30,10,4,3,0,57,1
888,4,11,31,10,4,3,0,58,0
889,0,2,0,2,1,0,0,6,1
889,0,1,0,1,1,0,0,4,0
890,0,1,6,1,1,0,0,13,1
890,0,1,6,1,1,0,0,13,0
891,0,1,1,0,1,0,0,3,1
891,0,1,1,1,1,0,0,3,0
892,2,8,45,1,3,1,0,62,1
892,2,8,41,1,4,1,0,58,0
893,0,13,3,0,3,0,0,126,1
893,0,13,3,0,3,0,0,126,0
894,1,2,19,2,3,1,0,24,1
894,0,0,6,0,0,0,0,7,0
895,1,1,14,2,2,1,0,17,1
895,1,1,14,2,2,1,0,17,0
897,0,0,3,0,0,0,0,4,1
897,0,0,4,2,0,0,0,5,0
898,3,4,5,0,3,1,0,13,1
898,2,2,3,0,2,1,0,9,0
900,0,31,10,8,24,0,0,131,1
900,0,31,10,8,24,0,0,131,0
901,0,1,2,0,1,0,0,10,1
901,0,0,2,0,0,0,0,8,0
902,0,6,15,17,2,0,0,48,1
902,0,6,15,17,2,0,0,48,0
903,4,11,35,9,4,3,0,68,1
903,4,11,35,9,4,3,0,68,0
904,1,8,41,2,2,1,0,50,1
904,1,8,41,2,2,1,0,50,0
906,0,0,3,0,0,0,0,11,1
906,0,0,2,0,0,0,0,9,0
907,2,4,47,0,3,2,0,72,1
907,2,4,43,0,3,2,0,68,0
908,1,8,26,1,3,1,0,38,1
908,1,8,25,1,3,1,0,36,0
909,2,4,13,0,3,2,0,35,1
909,2,4,12,0,3,2,0,30,0
910,1,0,2,4,1,1,0,6,1
910,1,0,1,4,1,1,0,5,0
911,1,3,5,0,2,1,0,14,1
911,1,3,5,0,2,1,0,14,0
912,0,1,11,0,1,0,0,15,1
912,0,1,11,0,1,0,0,15,0
913,0,0,8,0,0,0,0,10,1
913,0,0,8,0,0,0,0,10,0
914,0,1,5,0,1,0,0,13,1
914,0,2,6,0,1,0,0,16,0
915,0,2,12,3,1,0,0,24,1
915,0,2,12,3,1,0,0,24,0
916,5,3,45,2,3,2,0,61,1
916,5,2,46,2,3,2,0,64,0
917,1,2,8,0,2,1,0,9,1
917,1,3,10,0,2,1,0,12,0
918,0,1,4,0,1,0,0,7,1
918,1,1,4,0,1,1,0,8,0
920,0,1,4,0,1,0,0,6,1
920,0,1,4,0,1,0,0,6,0
921,1,7,20,4,3,1,0,49,1
921,1,7,20,4,3,1,0,49,0
922,0,0,2,0,0,0,0,4,1
922,0,0,2,0,0,0,0,5,0
924,0,1,3,0,1,0,0,4,1
924,0,1,3,0,1,0,0,4,0
926,0,3,13,7,3,0,0,13,1
926,0,5,20,9,3,0,0,18,0
928,0,2,8,0,1,0,0,10,1
928,0,2,8,0,1,0,0,10,0
929,0,2,7,3,1,0,0,18,1
929,0,2,7,3,1,0,0,20,0
930,0,5,21,9,3,0,0,19,1
930,0,0,2,0,0,0,0,4,0
931,0,0,0,0,0,0,0,2,1
931,0,0,0,0,0,0,0,2,0
932,0,0,3,0,0,0,0,2,1
932,0,0,4,0,0,0,0,3,0
933,0,3,2,4,3,0,0,12,1
933,0,3,2,4,3,0,0,12,0
934,0,0,2,0,0,0,0,3,1
934,0,0,2,0,0,0,0,3,0
935,0,0,2,0,0,0,0,4,1
935,0,0,3,0,0,0,0,5,0
936,0,0,2,0,0,0,0,4,1
936,0,1,3,0,1,0,0,7,0
937,1,4,4,0,3,1,0,16,1
937,1,4,3,0,3,1,0,16,0
938,0,2,2,0,1,0,1,7,1
938,0,2,2,0,1,0,1,7,0
939,0,0,2,0,0,0,0,6,1
939,0,0,1,0,0,0,0,6,0
940,0,0,1,0,0,0,0,2,1
940,0,0,2,0,0,0,0,2,0
941,0,0,2,0,0,0,0,6,1
941,0,0,2,0,0,0,0,6,0
942,0,2,3,0,2,0,0,11,1
942,0,2,3,0,2,0,0,12,0
943,0,3,4,0,1,0,0,12,1
943,0,5,5,2,1,0,0,15,0
945,0,4,8,0,4,0,0,11,1
945,0,4,8,0,4,0,0,11,0
946,0,0,2,0,0,0,0,2,1
946,0,0,4,0,0,0,0,2,0
948,0,3,16,5,2,0,0,16,1
948,0,4,16,5,2,0,0,18,0
951,0,0,3,0,0,0,0,6,1
951,0,0,2,0,0,0,0,6,0
952,0,0,2,0,0,0,0,3,1
952,0,0,4,0,0,0,0,3,0
953,0,0,3,0,0,0,0,9,1
953,0,0,1,0,0,0,0,2,0
954,0,0,8,0,0,0,0,7,1
954,0,0,8,0,0,0,0,7,0
955,0,0,8,0,0,0,0,11,1
955,0,5,11,0,3,0,0,29,0
958,1,3,11,4,3,1,0,16,1
958,2,5,13,4,6,2,0,24,0
959,1,0,4,0,1,1,0,6,1
959,1,0,4,0,1,1,0,7,0
960,0,0,3,0,0,0,0,2,1
960,0,0,3,0,0,0,0,2,0
961,0,1,1,0,1,0,0,5,1
961,0,1,3,0,1,0,0,5,0
962,0,0,1,0,0,0,0,2,1
962,0,0,1,0,0,0,0,2,0
963,0,0,9,0,0,0,0,21,1
963,0,0,11,0,0,0,0,31,0
964,0,0,1,0,0,0,0,2,1
964,0,0,1,0,0,0,0,3,0
965,0,4,16,3,4,0,0,15,1
965,0,4,16,3,4,0,0,15,0
966,0,2,4,0,1,0,0,8,1
966,0,1,2,0,1,0,0,5,0
967,0,0,3,0,0,0,0,6,1
967,0,0,1,0,0,0,0,2,0
968,0,0,4,0,0,0,0,4,1
968,0,0,4,0,0,0,0,4,0
969,0,0,6,0,0,0,0,5,1
969,0,0,4,0,0,0,0,4,0
970,0,0,3,0,0,0,0,4,1
970,0,0,3,0,0,0,0,4,0
973,0,6,14,4,2,0,0,32,1
973,0,7,16,4,2,0,0,35,0
974,0,2,0,0,2,0,0,6,1
974,0,1,0,0,1,0,0,4,0
975,0,0,3,0,0,0,0,5,1
975,0,0,2,0,0,0,0,5,0
976,0,1,4,0,1,0,0,4,1
976,0,1,5,0,1,0,0,4,0
977,0,2,5,0,1,0,0,7,1
977,0,2,6,0,1,0,0,7,0
978,1,9,26,3,2,1,0,35,1
978,1,9,28,3,2,1,0,36,0
979,0,8,19,0,8,0,0,24,1
979,0,8,19,0,8,0,0,24,0
980,0,1,2,0,1,0,1,5,1
980,0,1,2,0,1,0,1,5,0
981,0,0,3,0,0,0,0,5,1
981,0,0,3,0,0,0,0,5,0
983,0,0,1,0,0,0,0,5,1
983,0,0,1,0,0,0,0,5,0
985,0,2,1,0,1,0,0,11,1
985,0,2,1,0,1,0,0,11,0
986,0,0,0,0,0,0,0,2,1
986,0,0,0,0,0,0,0,2,0
987,3,11,39,1,5,3,0,53,1
987,3,12,40,2,5,3,0,56,0
988,0,1,2,1,1,0,0,4,1
988,0,0,1,0,0,0,0,2,0
990,1,6,32,8,4,1,0,62,1
990,1,6,32,8,4,1,0,62,0
991,0,1,2,0,1,0,0,6,1
991,0,1,2,0,1,0,0,6,0
992,1,2,8,0,3,1,0,13,1
992,1,3,8,0,3,1,0,13,0
994,0,0,4,0,0,0,0,6,1
994,0,0,3,0,0,0,0,6,0
995,2,5,8,3,2,1,0,23,1
995,2,5,9,4,2,1,0,26,0
997,4,14,28,4,5,3,0,69,1
997,4,14,28,4,5,3,0,69,0
998,3,9,19,5,4,3,0,39,1
998,1,7,14,3,2,1,0,38,0
999,0,6,16,6,2,0,0,30,1
999,0,6,18,6,2,0,0,32,0
1000,0,2,7,0,2,0,0,16,1
1000,0,3,9,0,3,0,0,23,0
1001,1,11,17,4,6,1,0,55,1
1001,1,11,17,4,6,1,0,55,0
1002,0,0,3,2,0,0,0,5,1
1002,0,0,2,2,0,0,0,4,0
1003,2,8,23,10,2,1,0,57,1
1003,2,8,23,10,2,1,0,59,0
1004,1,10,10,1,3,1,0,35,1
1004,1,10,11,1,3,1,0,35,0
1006,0,5,11,0,2,0,0,24,1
1006,0,6,12,0,2,0,0,26,0
1007,0,1,6,0,1,0,0,8,1
1007,0,1,6,0,1,0,0,8,0
1008,0,7,15,0,4,0,1,26,1
1008,0,7,15,0,3,0,1,25,0
1009,1,1,6,0,2,1,0,10,1
1009,1,1,6,0,2,1,0,14,0
1011,0,1,4,0,1,0,0,4,1
1011,0,1,5,0,1,0,0,4,0
1012,0,0,3,0,0,0,0,2,1
1012,0,0,3,0,0,0,0,4,0
1013,1,1,4,0,2,1,0,8,1
1013,1,1,6,0,2,1,0,8,0
1014,1,10,11,6,4,1,0,43,1
1014,1,11,18,6,4,1,1,53,0
1015,1,9,26,3,2,1,0,34,1
1015,0,6,20,3,2,0,0,22,0
1016,0,12,16,14,3,0,0,41,1
1016,0,11,15,14,3,0,0,35,0
1018,0,0,2,0,0,0,0,2,1
1018,0,0,2,0,0,0,0,2,0
1019,0,0,0,0,0,0,0,2,1
1019,0,0,0,0,0,0,0,2,0
1022,0,4,9,0,3,0,0,10,1
1022,0,5,9,0,4,0,0,12,0
1023,0,2,2,0,1,0,0,15,1
1023,0,2,2,0,1,0,0,14,0
1024,0,5,7,2,3,0,0,15,1
1024,0,3,7,2,1,0,0,13,0
1025,0,2,9,0,2,0,0,16,1
1025,0,3,10,1,2,0,0,19,0
1026,0,0,1,0,0,0,0,2,1
1026,0,0,1,0,0,0,0,2,0
1027,0,11,15,14,3,0,0,35,1
1027,0,11,16,14,3,0,0,39,0
1028,0,0,2,0,0,0,0,6,1
1028,0,0,2,0,0,0,0,6,0
1029,2,2,7,1,3,2,0,14,1
1029,2,3,7,1,3,2,0,16,0
1030,0,0,1,0,0,0,0,5,1
1030,0,0,1,0,0,0,0,5,0
1031,0,1,8,0,1,0,0,15,1
1031,0,1,8,0,1,0,0,15,0
1032,0,0,2,0,0,0,0,6,1
1032,0,0,2,2,0,0,0,8,0
1033,0,0,3,0,0,0,0,5,1
1033,0,0,2,0,0,0,0,5,0
1034,0,1,5,0,1,0,0,10,1
1034,0,4,10,0,4,0,0,16,0
1035,1,1,3,0,2,1,0,7,1
1035,1,2,5,0,2,1,0,9,0
1037,1,2,12,6,3,1,0,14,1
1037,1,5,19,7,4,1,0,24,0
1038,0,1,5,0,1,0,0,5,1
1038,0,0,3,0,0,0,0,3,0
1039,0,0,1,0,0,0,0,2,1
1039,0,0,2,0,0,0,0,2,0
1040,0,0,3,0,0,0,0,2,1
1040,0,0,3,0,0,0,0,2,0
1041,1,5,13,7,3,1,0,24,1
1041,1,5,13,7,3,1,0,24,0
1042,0,0,0,0,0,0,0,2,1
1042,0,0,1,0,0,0,0,3,0
1043,5,13,33,4,5,3,0,57,1
1043,5,14,33,4,5,3,0,59,0
1044,0,1,3,0,1,0,0,10,1
1044,0,1,3,0,1,0,0,10,0
1046,0,1,12,1,1,0,0,13,1
1046,0,1,13,1,1,0,0,14,0
1048,0,6,5,3,3,0,0,23,1
1048,0,3,4,0,2,0,0,14,0
1049,0,1,4,0,1,0,0,5,1
1049,0,1,4,0,1,0,0,8,0
1050,0,0,1,0,0,0,0,3,1
1050,0,0,1,0,0,0,0,3,0
1051,0,0,3,0,0,0,0,2,1
1051,0,0,1,4,0,0,0,6,0
1053,0,1,3,0,1,0,0,3,1
1053,0,0,2,0,0,0,0,2,0
1054,0,1,3,0,1,0,0,4,1
1054,0,2,4,0,2,0,0,6,0
1056,0,1,4,0,1,0,0,4,1
1056,0,1,4,0,1,0,0,4,0
1057,0,3,10,0,3,0,0,25,1
1057,0,3,10,0,3,0,0,25,0
1058,2,7,24,1,3,1,0,31,1
1058,2,7,24,1,3,1,0,31,0
1060,0,3,6,0,2,0,0,10,1
1060,0,2,5,0,2,0,0,8,0
1061,0,0,2,0,0,0,0,2,1
1061,0,0,2,0,0,0,0,2,0
1062,0,1,7,0,1,0,0,14,1
1062,0,1,7,0,1,0,0,14,0
1063,3,4,14,6,5,1,0,38,1
1063,3,6,15,6,5,1,0,41,0
1064,0,0,4,0,0,0,0,4,1
1064,0,0,5,0,0,0,0,4,0
1065,0,0,1,0,0,0,0,2,1
1065,0,0,1,0,0,0,0,2,0
1066,0,0,0,0,0,0,0,2,1
1066,0,0,0,0,0,0,0,2,0
1067,0,1,2,0,1,0,0,5,1
1067,0,1,2,0,1,0,0,5,0
1068,0,1,2,0,1,0,0,6,1
1068,0,1,2,0,1,0,0,6,0
1069,0,1,7,0,1,0,0,13,1
1069,0,1,7,0,1,0,0,10,0
1070,0,1,1,0,1,0,0,6,1
1070,0,0,1,0,0,0,0,6,0
1072,0,3,4,0,2,0,0,14,1
1072,0,3,4,0,2,0,0,15,0
1074,0,7,16,0,7,0,0,19,1
1074,0,7,16,0,7,0,0,19,0
1075,0,0,5,0,0,0,0,5,1
1075,0,0,5,0,0,0,0,5,0
1076,0,0,3,0,0,0,0,3,1
1076,0,0,3,0,0,0,0,6,0
1077,0,1,3,0,1,0,0,4,1
1077,0,0,1,0,0,0,0,2,0
1078,0,2,1,0,2,0,0,9,1
1078,0,3,2,0,2,0,0,14,0
1079,1,4,10,0,1,1,0,26,1
1079,1,4,10,0,1,1,0,27,0
1080,0,0,3,0,0,0,0,6,1
1080,0,0,3,0,0,0,0,6,0
1081,0,0,1,0,0,0,0,3,1
1081,0,0,1,0,0,0,0,6,0
1082,0,1,4,0,1,0,0,6,1
1082,0,0,3,0,0,0,0,3,0
1084,0,0,2,0,0,0,0,3,1
1084,0,1,4,0,1,0,0,6,0
1085,0,2,11,0,1,0,0,17,1
1085,0,2,10,0,1,0,0,16,0
1086,2,1,3,1,3,2,0,9,1
1086,2,1,3,1,3,2,0,9,0
1087,0,0,5,0,0,0,0,10,1
1087,0,0,5,0,0,0,0,6,0
1089,0,0,2,0,0,0,0,5,1
1089,0,0,2,0,0,0,0,6,0
1091,0,9,20,0,9,0,0,25,1
1091,0,9,24,0,9,0,0,30,0
1092,0,2,2,0,1,0,0,12,1
1092,0,2,2,0,1,0,0,11,0
1094,0,0,1,0,0,0,0,2,1
1094,0,0,1,0,0,0,0,2,0
1095,0,1,3,0,1,0,0,4,1
1095,0,1,3,0,1,0,0,4,0
1096,0,0,2,0,0,0,0,2,1
1096,0,0,2,0,0,0,0,3,0
1098,0,1,6,0,1,0,0,9,1
1098,0,1,6,0,1,0,0,9,0
1099,0,3,2,3,3,0,0,11,1
1099,0,5,2,1,4,0,0,13,0
1101,0,1,3,0,1,0,0,5,1
1101,0,2,4,0,2,0,0,8,0
1102,0,2,3,0,1,0,0,7,1
1102,0,2,3,0,1,0,0,7,0
1103,0,1,3,2,1,0,0,15,1
1103,0,1,3,2,1,0,0,15,0
1104,0,2,4,0,2,0,1,7,1
1104,0,2,4,0,2,0,1,8,0
1105,0,2,4,0,1,0,0,7,1
1105,0,2,4,2,1,0,0,14,0
1106,4,14,28,4,5,3,0,69,1
1106,4,15,29,4,5,3,0,77,0
1108,0,0,1,0,0,0,0,3,1
1108,0,0,1,0,0,0,0,6,0
1112,0,0,2,0,0,0,0,4,1
1112,0,0,2,0,0,0,0,4,0
1114,0,0,1,4,0,0,0,6,1
1114,0,0,1,4,0,0,0,6,0
1115,1,12,45,2,3,1,0,79,1
1115,1,12,45,2,3,1,0,79,0
1116,0,0,1,0,0,0,0,2,1
1116,0,0,2,0,0,0,0,2,0
1117,1,0,2,2,1,1,0,8,1
1117,1,0,2,1,1,1,0,5,0
1118,0,0,1,0,0,0,0,2,1
1118,0,0,1,0,0,0,0,2,0
1119,0,1,3,0,1,0,0,7,1
1119,0,1,3,0,1,0,0,11,0
1121,1,4,10,0,3,1,0,16,1
1121,1,4,9,0,3,1,0,13,0
1122,0,2,4,0,2,0,0,6,1
1122,0,3,4,0,2,0,0,10,0
1125,0,3,5,0,2,0,0,9,1
1125,0,2,3,0,2,0,0,6,0
1126,0,1,5,0,1,0,0,4,1
1126,0,1,5,0,1,0,0,4,0
1127,0,1,6,1,1,0,0,7,1
1127,0,1,5,1,1,0,0,6,0
1129,0,0,2,0,0,0,0,2,1
1129,0,0,4,0,0,0,0,9,0
1130,6,25,56,4,4,2,0,125,1
1130,6,26,57,4,4,2,0,127,0
1131,20,18,74,29,8,5,0,118,1
1131,20,18,74,29,8,5,0,121,0
1132,2,11,21,1,5,1,0,59,1
1132,2,9,23,0,5,2,0,55,0
1133,0,0,1,0,0,0,0,2,1
1133,0,0,1,0,0,0,0,2,0
1134,0,0,4,0,0,0,0,5,1
1134,0,0,3,0,0,0,0,4,0
1135,0,0,4,0,0,0,0,9,1
1135,1,2,1,0,2,1,0,9,0
1136,0,0,1,0,0,0,0,2,1
1136,0,0,1,0,0,0,0,2,0
1137,1,0,3,0,1,1,0,6,1
1137,1,0,3,0,1,1,0,6,0
1138,0,0,4,0,0,0,0,5,1
1138,1,1,5,0,2,1,0,7,0
1139,0,0,1,0,0,0,0,7,1
1139,0,1,1,0,1,0,0,4,0
1140,0,0,0,0,0,0,0,4,1
1140,0,0,0,0,0,0,0,3,0
1141,0,1,4,0,1,0,0,7,1
1141,0,1,4,0,1,0,0,7,0
1142,0,0,2,0,0,0,0,2,1
1142,0,0,2,0,0,0,0,2,0
1143,0,2,8,6,2,0,0,8,1
1143,0,0,6,4,0,0,0,10,0
1144,0,1,9,4,1,0,0,10,1
1144,0,1,8,4,1,0,0,10,0
1145,0,0,3,0,0,0,0,4,1
1145,1,1,3,0,2,1,0,9,0
1146,0,3,10,3,1,0,0,18,1
1146,0,3,10,3,1,0,0,18,0
1147,2,5,24,0,4,2,0,42,1
1147,2,5,24,0,4,2,0,42,0
1148,0,1,5,0,1,0,0,26,1
1148,0,1,5,0,1,0,0,26,0
1149,0,2,6,0,1,0,0,7,1
1149,0,2,5,0,1,0,0,7,0
1150,0,2,4,0,1,0,0,11,1
1150,0,2,4,0,1,0,0,11,0
1151,0,1,2,0,1,0,0,4,1
1151,0,1,2,0,1,0,0,4,0
1152,0,3,6,0,3,0,0,8,1
1152,0,3,6,0,3,0,0,8,0
1153,0,9,30,9,4,0,0,51,1
1153,0,9,32,9,4,0,0,53,0
1154,0,16,26,0,4,0,0,52,1
1154,0,16,26,0,4,0,0,52,0
1155,0,2,4,6,1,0,0,14,1
1155,0,1,4,6,1,0,0,18,0
1156,0,2,8,1,1,0,0,26,1
1156,0,2,9,1,1,0,0,26,0
1161,0,2,9,0,1,0,0,18,1
1161,0,2,9,0,1,0,0,15,0
1162,19,84,127,3,8,3,0,274,1
1162,19,84,128,3,8,3,0,274,0
1163,0,1,2,0,1,0,0,5,1
1163,0,1,2,0,1,0,0,5,0
1164,0,0,2,0,0,0,0,5,1
1164,0,0,2,0,0,0,0,5,0
1165,0,9,16,0,6,0,0,25,1
1165,0,12,22,0,7,0,0,33,0
1169,0,0,3,1,0,0,0,4,1
1169,0,0,3,1,0,0,0,4,0
1170,0,0,3,0,0,0,0,2,1
1170,1,0,5,0,1,1,0,8,0
1171,0,0,1,0,0,0,0,3,1
1171,0,0,3,0,0,0,0,3,0
1172,0,1,4,3,1,0,0,8,1
1172,0,1,4,3,1,0,0,8,0
1173,0,2,4,0,1,0,0,7,1
1173,0,2,4,0,1,0,0,7,0
1175,0,3,7,0,3,0,0,23,1
1175,0,3,8,0,3,0,0,32,0
1176,0,0,6,0,0,0,0,12,1
1176,0,0,7,0,0,0,0,13,0
1177,0,6,17,8,5,0,0,30,1
1177,0,6,18,8,5,0,0,30,0
1178,0,0,1,0,0,0,0,6,1
1178,0,1,1,0,1,0,0,7,0
1179,6,6,37,4,2,2,0,64,1
1179,6,7,37,3,2,2,0,75,0
1180,1,2,5,1,1,1,0,15,1
1180,1,3,10,1,2,1,0,13,0
1182,6,25,51,4,6,1,0,94,1
1182,6,24,49,4,6,1,0,92,0
1183,0,1,5,0,1,0,0,8,1
1183,0,1,4,0,1,0,0,8,0
1184,0,0,2,1,0,0,0,7,1
1184,0,0,1,0,0,0,0,2,0
1186,0,0,0,0,0,0,0,8,1
1186,0,0,0,0,0,0,0,8,0
1189,0,5,13,0,5,0,0,15,1
1189,0,6,13,0,6,0,0,17,0
1190,2,4,17,7,5,2,0,21,1
1190,2,4,17,7,5,2,0,21,0
1191,0,7,14,0,6,0,0,23,1
1191,0,6,16,0,6,0,0,29,0
1192,1,1,1,0,2,1,0,7,1
1192,1,1,3,0,2,1,0,7,0
1193,1,0,0,0,1,1,0,3,1
1193,2,0,0,0,1,1,0,5,0
1194,0,2,6,0,2,0,0,8,1
1194,0,2,13,0,2,0,0,16,0
1195,0,0,2,1,0,0,0,4,1
1195,0,1,2,1,1,0,0,5,0
1196,0,1,4,1,1,0,0,9,1
1196,0,1,4,1,1,0,0,9,0
1199,1,1,4,0,2,1,0,6,1
1199,1,1,4,0,2,1,0,6,0
1202,0,0,1,0,0,0,0,2,1
1202,0,1,5,0,1,0,0,6,0
1204,1,1,1,0,1,1,0,8,1
1204,1,1,1,0,1,1,0,10,0
1205,1,1,6,0,2,1,0,14,1
1205,3,1,10,0,2,2,0,18,0
1206,0,0,1,1,0,0,0,6,1
1206,0,1,3,3,1,0,0,12,0
1207,2,4,7,3,4,1,0,18,1
1207,3,4,7,4,4,1,0,20,0
1208,0,1,1,0,1,0,0,6,1
1208,0,1,1,0,1,0,0,9,0
1211,0,1,3,0,1,0,0,6,1
1211,0,1,3,0,1,0,0,6,0
1212,0,11,16,0,6,0,0,44,1
1212,0,11,17,0,6,0,0,47,0
1213,0,1,5,0,1,0,0,7,1
1213,0,1,5,0,1,0,0,8,0
1215,0,1,2,2,1,0,0,4,1
1215,0,1,1,2,1,0,0,4,0
1216,0,2,13,2,2,0,0,20,1
1216,1,3,16,2,2,1,0,25,0
1217,1,11,17,4,6,1,0,55,1
1217,1,11,17,4,6,1,0,55,0
1224,0,0,5,0,0,0,0,5,1
1224,0,0,5,0,0,0,0,5,0
1226,0,1,6,0,1,0,0,6,1
1226,0,1,6,0,1,0,0,6,0
1227,0,1,3,1,1,0,0,6,1
1227,0,0,3,0,0,0,0,4,0
1228,0,0,3,0,0,0,0,2,1
1228,0,0,1,0,0,0,0,2,0
1231,0,0,3,0,0,0,0,6,1
1231,0,0,3,0,0,0,0,6,0
1233,0,1,11,2,1,0,0,9,1
1233,0,1,11,2,1,0,0,9,0
1234,1,4,13,4,2,1,0,24,1
1234,1,4,15,4,2,1,0,25,0
1235,4,4,13,5,3,1,0,26,1
1235,5,6,15,5,3,1,0,35,0
1236,2,2,7,1,3,2,0,18,1
1236,2,3,8,1,3,2,0,23,0
1237,0,0,5,0,0,0,0,8,1
1237,0,0,5,0,0,0,0,8,0
1240,2,1,16,0,2,2,0,29,1
1240,2,1,18,0,2,2,0,31,0
1241,0,2,2,0,1,0,0,7,1
1241,0,2,4,0,1,0,0,7,0
1242,0,1,2,0,1,0,0,5,1
1242,0,1,2,0,1,0,0,5,0
1243,0,3,22,0,2,0,0,43,1
1243,0,4,26,0,2,0,0,54,0
1245,1,1,8,0,2,1,0,10,1
1245,1,1,8,0,2,1,0,10,0
1246,0,1,2,0,1,0,0,9,1
1246,0,1,1,0,1,0,0,9,0
1247,1,0,9,0,1,1,0,13,1
1247,1,0,9,0,1,1,0,13,0
1248,1,0,3,0,1,1,0,6,1
1248,1,0,3,0,1,1,0,6,0
1249,0,1,2,0,1,0,0,11,1
1249,0,1,2,0,1,0,0,11,0
1250,3,8,14,1,4,1,0,36,1
1250,4,8,15,1,5,2,0,38,0
1251,0,6,10,0,6,0,0,16,1
1251,0,6,10,0,6,0,0,16,0
1253,0,1,7,0,1,0,0,8,1
1253,0,1,7,0,1,0,0,8,0
1254,1,4,13,1,3,1,0,22,1
1254,1,4,12,1,3,1,0,22,0
1255,0,2,4,0,2,0,0,7,1
1255,0,1,2,0,1,0,0,5,0
1256,0,5,21,10,2,0,0,47,1
1256,0,5,21,10,2,0,0,47,0
1257,18,78,123,1,8,3,0,258,1
1257,18,78,129,1,8,3,0,262,0
1259,0,4,11,3,1,0,0,27,1
1259,0,4,13,3,1,0,0,27,0
1261,0,3,9,2,2,0,0,25,1
1261,0,3,10,2,2,0,0,25,0
1262,0,1,6,3,1,0,0,20,1
1262,0,1,5,2,1,0,0,19,0
1263,0,0,1,0,0,0,0,9,1
1263,0,0,0,0,0,0,0,8,0
1265,1,2,4,1,3,1,0,10,1
1265,1,1,6,0,2,1,0,7,0
1266,0,1,0,0,1,0,0,14,1
1266,0,1,0,0,1,0,0,14,0
1267,1,4,16,2,2,1,0,28,1
1267,1,4,18,2,2,1,0,33,0
1269,1,2,5,0,3,1,0,10,1
1269,1,3,6,0,3,1,0,13,0
1270,1,0,1,0,1,1,0,7,1
1270,1,1,2,0,2,1,0,5,0
1271,1,1,5,3,2,1,0,10,1
1271,1,1,4,0,2,1,0,8,0
1272,0,1,4,0,1,0,0,5,1
1272,0,1,4,0,1,0,0,6,0
1273,0,2,5,0,2,0,0,7,1
1273,0,2,4,0,2,0,0,6,0
1274,0,4,6,1,2,0,0,15,1
1274,0,5,8,1,2,0,0,17,0
1275,0,0,3,0,0,0,0,9,1
1275,0,0,2,0,0,0,0,6,0
1276,0,4,11,1,1,0,0,29,1
1276,0,4,11,1,1,0,0,29,0
1277,0,4,8,0,4,0,0,11,1
1277,0,5,10,0,5,0,0,13,0
1278,1,4,17,0,3,1,0,41,1
1278,1,4,17,0,3,1,0,42,0
1280,0,0,2,0,0,0,0,3,1
1280,0,0,2,0,0,0,0,3,0
1281,1,2,31,3,1,1,0,34,1
1281,1,3,33,4,1,1,0,42,0
1283,0,0,10,1,0,0,0,9,1
1283,0,0,11,1,0,0,0,10,0
1284,0,0,6,0,0,0,0,6,1
1284,1,1,9,0,2,1,0,11,0
1287,0,1,2,0,1,0,0,5,1
1287,0,0,1,0,0,0,0,2,0
1289,1,2,3,0,1,1,0,11,1
1289,1,2,4,0,1,1,0,11,0
1291,0,2,1,0,1,0,0,20,1
1291,0,4,2,0,1,0,0,25,0
1292,1,5,10,1,2,1,0,36,1
1292,1,5,10,1,2,1,0,39,0
1295,0,0,0,0,0,0,0,2,1
1295,0,0,0,0,0,0,0,2,0
1296,0,0,1,0,0,0,0,3,1
1296,0,0,1,0,0,0,0,6,0
1297,0,0,1,0,0,0,0,3,1
1297,0,0,1,0,0,0,0,6,0
1299,2,2,11,0,3,2,0,16,1
1299,2,2,11,0,3,2,0,16,0
1300,0,0,0,0,0,0,0,6,1
1300,0,0,2,0,0,0,0,6,0
1302,0,0,3,0,0,0,0,8,1
1302,0,0,1,0,0,0,0,2,0
1303,0,1,0,1,1,0,0,4,1
1303,0,2,1,1,1,0,0,6,0
1304,0,0,1,0,0,0,0,2,1
1304,0,1,4,1,1,0,0,7,0
1305,1,6,18,0,3,1,0,45,1
1305,1,6,20,0,3,1,0,46,0
1307,0,2,4,0,2,0,0,23,1
1307,0,2,4,0,2,0,0,23,0
1309,0,0,2,0,0,0,0,7,1
1309,0,0,1,0,0,0,0,3,0
1310,0,3,4,0,2,0,0,15,1
1310,0,3,4,0,2,0,0,15,0
1311,0,1,4,0,1,0,0,7,1
1311,0,2,5,0,2,0,0,9,0
1312,0,2,2,0,2,0,0,6,1
1312,0,1,1,0,1,0,0,6,0
1313,2,1,6,4,2,2,0,13,1
1313,2,1,7,4,2,2,0,13,0
1314,0,0,3,0,0,0,0,9,1
1314,0,0,1,0,0,0,0,2,0
1316,0,1,2,0,1,0,0,12,1
1316,0,1,2,0,1,0,0,12,0
1317,0,1,5,1,1,0,0,14,1
1317,0,1,5,1,1,0,0,10,0
1318,0,4,7,0,2,0,0,22,1
1318,0,5,8,0,3,0,0,25,0
1319,1,6,32,8,4,1,0,62,1
1319,1,6,32,8,4,1,0,62,0
1320,0,0,0,0,0,0,0,2,1
1320,0,0,1,0,0,0,0,2,0
1321,0,1,1,0,1,0,0,8,1
1321,0,1,1,0,1,0,0,7,0
1322,0,2,6,1,1,0,0,11,1
1322,0,1,5,1,1,0,0,5,0
1323,0,0,5,0,0,0,0,8,1
1323,0,0,5,0,0,0,0,8,0
1324,0,1,5,0,1,0,0,4,1
1324,0,1,5,0,1,0,0,4,0
1325,0,0,2,0,0,0,0,14,1
1325,0,0,2,0,0,0,0,14,0
1326,0,1,3,2,1,0,0,6,1
1326,0,1,3,2,1,0,0,6,0
1327,1,0,2,0,1,1,0,4,1
1327,1,0,2,0,1,1,0,4,0
1329,0,1,6,0,1,0,0,11,1
1329,0,0,1,0,0,0,0,3,0
1330,0,1,1,0,1,0,0,10,1
1330,0,2,2,0,1,0,0,11,0
1335,1,1,3,0,1,1,0,10,1
1335,3,2,7,0,3,3,0,18,0
1336,0,0,0,0,0,0,0,2,1
1336,0,0,0,0,0,0,0,2,0
1337,1,7,11,2,5,1,0,26,1
1337,1,7,11,2,5,1,0,26,0
1338,0,3,6,0,2,0,0,10,1
1338,0,3,6,0,2,0,0,10,0
1339,0,4,5,5,2,0,0,15,1
1339,0,3,3,2,1,0,0,11,0
1340,0,0,6,0,0,0,0,5,1
1340,0,0,6,0,0,0,0,5,0
1341,0,0,0,2,0,0,0,3,1
1341,0,0,0,2,0,0,0,3,0
1342,0,1,3,0,1,0,0,5,1
1342,0,1,3,0,1,0,0,5,0
1343,0,11,26,5,3,0,0,69,1
1343,0,11,25,5,3,0,0,69,0
1344,1,1,7,1,1,1,0,13,1
1344,1,2,7,1,2,1,0,16,0
1345,0,5,5,2,1,0,0,15,1
1345,0,2,4,0,1,0,0,6,0
1346,0,1,2,0,1,0,0,4,1
1346,0,0,1,0,0,0,0,2,0
1347,0,0,0,0,0,0,0,2,1
1347,0,1,1,0,1,0,0,4,0
1348,0,1,5,0,1,0,0,10,1
1348,1,1,5,0,2,1,0,15,0
1350,2,1,8,1,2,2,0,15,1
1350,1,1,7,1,1,1,0,15,0
1351,0,0,1,0,0,0,0,3,1
1351,0,1,2,0,1,0,0,11,0
1352,0,2,1,0,1,0,0,6,1
1352,0,3,3,0,1,0,0,8,0
1353,1,0,5,3,1,1,0,6,1
1353,1,0,5,3,1,1,0,6,0
1355,0,1,3,0,1,0,0,4,1
1355,0,0,3,0,0,0,0,3,0
1356,0,0,0,0,0,0,0,2,1
1356,0,0,1,0,0,0,0,2,0
1357,0,0,5,0,0,0,0,5,1
1357,0,0,5,0,0,0,0,5,0
1358,0,1,1,1,1,0,0,4,1
1358,0,1,2,1,1,0,0,5,0
1359,0,1,4,0,1,0,0,4,1
1359,0,1,3,0,1,0,0,4,0
1360,1,3,12,4,2,1,0,19,1
1360,1,4,14,4,2,1,0,24,0
1361,0,0,0,0,0,0,0,2,1
1361,0,0,1,0,0,0,0,2,0
1363,0,6,12,0,6,0,0,16,1
1363,0,7,14,0,7,0,0,18,0
1364,3,13,26,10,4,1,0,62,1
1364,3,14,27,10,5,1,0,65,0
1365,1,6,13,11,3,1,0,30,1
1365,1,5,12,6,3,1,0,26,0
1366,0,0,1,0,0,0,0,3,1
1366,0,0,1,0,0,0,0,3,0
1367,1,2,6,2,2,1,0,12,1
1367,1,1,5,1,2,1,0,9,0
1369,0,3,4,2,1,0,0,14,1
1369,0,4,4,2,1,0,0,16,0
1370,0,2,5,0,2,0,0,9,1
1370,0,1,4,0,1,0,0,7,0
1371,0,5,9,0,5,0,0,14,1
1371,0,6,12,0,6,0,0,16,0
1372,0,9,2,0,3,0,0,21,1
1372,0,9,2,0,3,0,0,20,0
1373,1,4,6,0,2,1,0,24,1
1373,1,4,9,0,2,1,0,27,0
1374,0,0,2,0,0,0,0,2,1
1374,1,1,4,0,2,1,0,8,0
1375,0,1,6,0,1,0,0,13,1
1375,0,2,7,0,1,0,0,12,0
1379,0,7,9,3,1,0,0,42,1
1379,0,7,9,3,1,0,0,42,0
1380,6,8,24,4,3,3,0,42,1
1380,6,9,29,5,4,3,0,45,0
1381,0,0,1,0,0,0,0,2,1
1381,0,0,2,0,0,0,0,2,0
1383,0,0,3,0,0,0,0,7,1
1383,0,0,4,0,0,0,0,12,0
1384,1,10,15,1,3,1,0,32,1
1384,1,11,17,1,3,1,0,35,0
1385,1,5,16,1,2,1,0,32,1
1385,1,5,16,1,2,1,0,32,0
1386,0,0,4,0,0,0,0,13,1
1386,0,0,3,0,0,0,0,12,0
1387,0,1,6,0,1,0,0,7,1
1387,0,1,6,0,1,0,0,7,0
1389,0,0,2,0,0,0,0,3,1
1389,0,0,2,0,0,0,0,3,0
1390,0,1,5,2,1,0,0,12,1
1390,0,1,5,2,1,0,0,12,0
1391,0,5,17,0,5,0,0,25,1
1391,0,7,17,0,5,0,0,30,0
1393,0,0,3,1,0,0,0,3,1
1393,0,0,2,3,0,0,0,3,0
1396,0,4,4,3,2,0,0,13,1
1396,0,4,5,3,2,0,0,14,0
1397,0,0,0,0,0,0,0,2,1
1397,0,0,1,0,0,0,0,2,0
1398,0,0,0,0,0,0,0,4,1
1398,0,0,0,0,0,0,0,5,0
1400,0,0,2,0,0,0,0,2,1
1400,0,0,3,0,0,0,0,4,0
1401,1,9,10,6,4,1,0,42,1
1401,1,10,17,6,4,1,1,52,0
1404,1,0,8,0,1,1,0,17,1
1404,1,0,5,0,1,1,0,10,0
1405,0,1,12,0,1,0,0,17,1
1405,0,1,14,0,1,0,0,19,0
1406,4,1,15,2,2,2,0,21,1
1406,4,1,16,2,2,2,0,21,0
1407,0,0,0,0,0,0,0,5,1
1407,0,0,1,0,0,0,0,5,0
1409,0,3,3,0,1,0,0,9,1
1409,0,2,3,2,1,0,0,15,0
1410,0,1,1,0,1,0,0,4,1
1410,0,1,1,0,1,0,0,4,0
1411,0,2,6,0,2,0,0,11,1
1411,0,3,8,0,3,0,0,15,0
1412,0,1,0,1,1,0,0,5,1
1412,0,1,2,1,1,0,0,4,0
1413,1,11,29,5,4,1,0,56,1
1413,1,12,29,5,4,1,0,58,0
1414,0,0,6,2,0,0,0,4,1
1414,0,0,7,3,0,0,0,4,0
1415,0,16,26,0,4,0,0,52,1
1415,0,16,26,0,4,0,0,52,0
1417,0,0,3,0,0,0,0,9,1
1417,0,0,1,0,0,0,0,2,0
1421,1,0,6,1,1,1,0,7,1
1421,1,0,6,1,1,1,0,7,0
1422,0,1,1,0,1,0,0,6,1
1422,0,1,1,0,1,0,0,6,0
1423,1,5,19,7,4,1,0,24,1
1423,1,6,20,7,4,1,0,25,0
1424,0,1,1,0,1,0,0,6,1
1424,0,2,3,0,2,0,0,8,0
1425,0,0,2,0,0,0,0,6,1
1425,0,0,2,0,0,0,0,6,0
1426,0,1,5,0,1,0,0,8,1
1426,0,1,6,0,1,0,0,8,0
1427,0,0,3,0,0,0,0,8,1
1427,0,1,3,0,1,0,0,9,0
1428,0,1,4,0,1,0,0,6,1
1428,0,1,6,0,1,0,0,7,0
1429,2,7,24,1,3,1,0,31,1
1429,2,8,26,1,3,1,0,33,0
1430,1,0,6,0,1,1,0,7,1
1430,1,0,5,0,1,1,0,6,0
1431,0,0,4,0,0,0,0,3,1
1431,0,1,2,0,1,0,0,7,0
1433,0,4,12,0,2,0,0,19,1
1433,0,5,16,0,2,0,0,21,0
1435,1,0,3,0,1,1,0,5,1
1435,1,0,3,0,1,1,0,5,0
1436,1,6,17,2,4,1,0,59,1
1436,1,6,17,2,4,1,0,61,0
1437,0,0,2,0,0,0,0,4,1
1437,0,0,2,0,0,0,0,5,0
1438,0,1,4,0,1,0,0,25,1
1438,0,2,3,0,2,0,0,21,0
1439,1,5,11,2,3,1,0,18,1
1439,1,5,11,2,3,1,0,18,0
1440,1,9,9,6,3,1,0,33,1
1440,1,10,11,6,4,1,0,43,0
1441,0,1,2,0,1,0,0,5,1
1441,0,1,2,0,1,0,0,5,0
1443,1,1,5,3,2,1,0,6,1
1443,1,1,6,3,2,1,0,6,0
1444,0,0,1,0,0,0,0,2,1
1444,0,0,1,0,0,0,0,2,0
1445,1,6,5,0,3,1,0,30,1
1445,1,6,5,0,3,1,0,31,0
1447,0,0,2,2,0,0,0,4,1
1447,0,0,2,2,0,0,0,4,0
1448,1,4,3,0,2,1,0,12,1
1448,1,2,2,0,2,1,0,8,0
1449,0,0,0,0,0,0,0,2,1
1449,0,1,1,0,1,0,0,4,0
1450,1,1,5,0,2,1,0,13,1
1450,0,0,3,0,0,0,0,4,0
1451,1,10,13,6,3,1,0,39,1
1451,1,11,13,7,3,1,0,40,0
1452,1,11,26,6,5,1,0,38,1
1452,3,13,32,9,5,2,0,48,0
1454,0,3,7,1,1,0,0,15,1
1454,1,4,8,2,3,1,0,17,0
1455,0,3,6,0,2,0,1,14,1
1455,0,3,7,0,2,0,1,14,0
1456,0,3,5,6,2,0,0,13,1
1456,0,3,5,6,2,0,0,13,0
1457,0,10,14,11,3,0,0,33,1
1457,0,10,14,11,3,0,0,34,0
1458,0,1,2,1,1,0,0,5,1
1458,0,2,5,0,1,0,0,7,0
1459,0,1,2,2,1,0,0,5,1
1459,0,0,0,0,0,0,0,3,0
1460,0,3,2,0,2,0,0,19,1
1460,0,1,2,0,1,0,0,9,0
1461,0,7,2,0,2,0,0,23,1
1461,0,7,2,0,2,0,0,23,0
1463,0,5,3,1,2,0,0,14,1
1463,0,5,3,1,2,0,0,14,0
1465,2,7,24,1,4,1,0,30,1
1465,2,7,24,1,4,1,0,30,0
1466,0,1,0,0,1,0,0,4,1
1466,0,1,1,0,1,0,0,5,0
1467,0,0,1,0,0,0,0,5,1
1467,2,2,3,2,2,1,0,11,0
1468,0,0,5,0,0,0,0,12,1
1468,0,1,6,0,1,0,0,12,0
1470,0,0,1,0,0,0,0,2,1
1470,0,0,2,0,0,0,0,2,0
1471,0,1,3,0,1,0,0,6,1
1471,0,0,2,0,0,0,0,3,0
1472,0,0,0,0,0,0,0,2,1
1472,0,0,0,0,0,0,0,2,0
1477,0,5,9,3,1,0,0,12,1
1477,0,6,11,2,2,0,0,15,0
1478,19,83,132,3,8,3,0,268,1
1478,19,84,134,3,8,3,0,270,0
1479,1,2,1,1,2,1,0,10,1
1479,0,1,2,1,1,0,0,8,0
1480,1,5,12,2,3,1,0,18,1
1480,1,5,13,2,3,1,0,18,0
1483,0,3,7,1,1,0,0,12,1
1483,0,3,7,1,1,0,0,12,0
1484,0,1,0,0,1,0,0,4,1
1484,0,1,0,0,1,0,0,4,0
1486,0,11,16,0,6,0,0,44,1
1486,0,11,16,0,6,0,0,44,0
1487,0,1,4,0,1,0,0,8,1
1487,0,0,3,0,0,0,0,2,0
1488,0,0,9,3,0,0,0,14,1
1488,0,2,9,3,1,0,0,18,0
1489,0,0,2,2,0,0,0,7,1
1489,0,0,2,2,0,0,0,7,0
1490,0,2,8,0,1,0,0,7,1
1490,0,2,8,0,1,0,0,7,0
1491,0,2,5,0,1,0,0,10,1
1491,0,3,6,0,1,0,0,12,0
1492,0,0,3,0,0,0,0,7,1
1492,0,0,3,0,0,0,0,7,0
1494,0,1,2,0,1,0,0,8,1
1494,0,2,2,0,1,0,0,12,0
1495,1,0,6,0,1,1,0,7,1
1495,1,1,5,0,2,1,0,12,0
1496,0,0,2,1,0,0,0,6,1
1496,0,1,3,1,1,0,0,11,0
1497,0,0,1,0,0,0,0,3,1
1497,0,0,2,0,0,0,0,3,0
1498,0,0,2,0,0,0,0,5,1
1498,0,0,4,0,0,0,0,5,0
1499,0,1,2,0,1,0,0,6,1
1499,0,2,4,0,1,0,0,8,0
1500,1,1,5,0,2,1,0,8,1
1500,1,1,7,0,2,1,0,9,0
1502,0,2,3,0,2,0,0,9,1
1502,0,3,5,0,2,0,0,11,0
1503,0,0,1,0,0,0,0,2,1
1503,0,1,3,0,1,0,0,5,0
1504,1,0,3,0,1,1,0,5,1
1504,1,1,2,1,1,1,0,8,0
1505,0,9,11,16,2,0,0,34,1
1505,0,8,13,16,2,0,0,33,0
1506,3,3,22,2,2,1,0,26,1
1506,3,3,22,2,2,1,0,26,0
1507,0,2,15,3,1,0,0,21,1
1507,0,2,16,3,1,0,0,21,0
1508,0,0,3,0,0,0,0,4,1
1508,0,1,8,0,1,0,0,11,0
1509,1,0,13,0,1,1,0,17,1
1509,1,1,15,0,2,1,0,22,0
1510,3,5,10,4,4,2,0,29,1
1510,3,6,12,4,4,2,0,31,0
1511,1,2,4,1,3,1,0,9,1
1511,1,2,4,1,3,1,0,9,0
1512,0,1,5,0,1,0,0,6,1
1512,0,2,6,0,1,0,0,9,0
1513,0,5,7,0,1,0,0,16,1
1513,0,5,15,0,1,0,0,17,0
1514,0,0,4,0,0,0,0,15,1
1514,0,0,4,0,0,0,0,14,0
1515,0,0,3,0,0,0,0,3,1
1515,0,0,3,0,0,0,0,3,0
1516,0,0,1,1,0,0,0,2,1
1516,0,1,2,1,1,0,0,4,0
1521,0,0,1,0,0,0,0,2,1
1521,0,0,2,0,0,0,0,6,0
1522,0,3,6,0,2,0,0,22,1
1522,0,3,6,0,2,0,0,22,0
1523,0,3,4,1,1,0,0,9,1
1523,1,3,7,2,3,1,0,11,0
1528,0,0,1,2,0,0,0,4,1
1528,0,1,1,2,1,0,0,6,0
1529,0,0,1,0,0,0,0,3,1
1529,0,1,3,0,1,0,0,5,0
1530,2,11,19,4,3,1,0,41,1
1530,2,11,19,4,3,1,0,41,0
1531,2,1,8,1,2,2,0,15,1
1531,1,1,7,1,1,1,0,15,0
1532,0,0,1,0,0,0,0,5,1
1532,0,0,1,0,0,0,0,5,0
1534,0,1,15,0,1,0,0,12,1
1534,0,1,13,0,1,0,0,10,0
1536,0,2,4,0,1,0,0,9,1
1536,0,2,4,0,1,0,0,9,0
1537,4,13,26,4,5,3,0,67,1
1537,4,14,29,4,5,3,0,70,0
1538,1,2,8,3,2,1,0,7,1
1538,1,3,6,3,2,1,0,9,0
1539,0,1,1,0,1,0,0,4,1
1539,0,1,0,0,1,0,0,6,0
1540,1,6,11,0,3,1,0,35,1
1540,1,6,12,0,3,1,0,36,0
1541,0,0,2,0,0,0,0,6,1
1541,0,0,2,0,0,0,0,6,0
1542,0,2,9,3,1,0,0,15,1
1542,0,2,10,3,1,0,0,15,0
1543,0,0,1,0,0,0,0,2,1
1543,0,0,1,0,0,0,0,2,0
1545,1,1,11,0,2,1,0,10,1
1545,1,1,11,0,2,1,0,10,0
1546,0,0,6,0,0,0,0,6,1
1546,0,0,6,0,0,0,0,6,0
1547,0,1,3,0,1,0,0,6,1
1547,0,0,2,0,0,0,0,3,0
1548,0,0,0,0,0,0,0,3,1
1548,0,0,0,0,0,0,0,4,0
1549,0,3,5,0,1,0,0,13,1
1549,0,3,5,0,1,0,0,13,0
1550,1,6,6,7,2,1,0,47,1
1550,1,4,6,5,2,1,0,36,0
1551,0,3,7,0,2,0,0,13,1
1551,0,4,9,0,2,0,0,15,0
1552,1,1,5,0,2,1,0,15,1
1552,1,1,6,0,2,1,0,16,0
1553,0,0,4,0,0,0,0,5,1
1553,0,0,4,0,0,0,0,5,0
1555,0,2,4,0,1,0,0,11,1
1555,0,3,5,0,1,0,0,13,0
1556,0,0,3,0,0,0,0,4,1
1556,0,1,8,0,1,0,0,11,0
1557,0,0,3,0,0,0,0,3,1
1557,0,0,3,0,0,0,0,3,0
1558,0,0,6,0,0,0,0,7,1
1558,0,0,7,0,0,0,0,9,0
1559,0,5,13,2,2,0,0,17,1
1559,0,6,15,2,2,0,0,20,0
1560,0,0,0,0,0,0,0,2,1
1560,0,0,1,0,0,0,0,2,0
1562,1,0,4,0,1,1,0,8,1
1562,1,0,4,0,1,1,0,9,0
1563,0,3,5,0,2,0,0,9,1
1563,0,3,5,0,2,0,0,9,0
1564,0,9,11,1,4,0,0,29,1
1564,0,10,12,1,4,0,0,32,0
1565,0,2,7,0,1,0,0,8,1
1565,0,2,5,0,1,0,0,7,0
1566,0,2,5,0,1,0,0,10,1
1566,0,2,4,0,1,0,0,10,0
1567,0,8,18,0,8,0,0,20,1
1567,0,8,18,0,8,0,0,20,0
1569,0,1,2,0,1,0,0,3,1
1569,1,0,1,0,1,1,0,3,0
1570,0,0,4,2,0,0,0,6,1
1570,0,0,4,2,0,0,0,6,0
1571,0,0,1,1,0,0,0,4,1
1571,0,0,2,1,0,0,0,4,0
1572,0,0,3,0,0,0,0,17,1
1572,0,1,3,0,1,0,0,18,0
1573,1,0,13,0,1,1,0,17,1
1573,1,1,15,0,2,1,0,22,0
1574,0,0,2,0,0,0,0,4,1
1574,0,0,2,0,0,0,0,3,0
1575,0,0,2,0,0,0,0,5,1
1575,0,1,4,0,1,0,0,8,0
1576,0,0,1,0,0,0,0,2,1
1576,0,0,1,0,0,0,0,2,0
1577,1,2,8,0,2,1,0,12,1
1577,1,1,8,0,2,1,0,10,0
1578,0,1,3,0,1,0,0,8,1
1578,0,1,2,0,1,0,0,9,0
1579,0,1,4,0,1,0,0,7,1
1579,0,0,4,0,0,0,0,5,0
1580,0,5,9,0,5,0,0,20,1
1580,0,10,18,0,5,0,0,56,0
1581,0,0,1,0,0,0,0,2,1
1581,0,0,1,0,0,0,0,2,0
1582,0,2,6,0,1,0,0,8,1
1582,0,4,6,0,2,0,0,10,0
1583,0,0,1,1,0,0,0,12,1
1583,0,0,1,1,0,0,0,14,0
1584,0,4,10,1,2,0,0,23,1
1584,0,4,10,1,2,0,0,23,0
1587,0,3,1,0,3,0,0,12,1
1587,0,3,2,0,3,0,0,13,0
1588,0,2,3,0,1,0,0,6,1
1588,0,3,4,0,1,0,0,8,0
1591,0,0,1,0,0,0,0,3,1
1591,0,1,1,0,1,0,0,10,0
1592,0,0,0,0,0,0,0,4,1
1592,0,1,2,0,1,0,0,6,0
1593,0,1,5,2,1,0,0,6,1
1593,0,1,5,2,1,0,0,7,0
1594,0,1,5,1,1,0,0,7,1
1594,0,2,5,1,2,0,0,10,0
1595,0,0,1,0,0,0,0,2,1
1595,0,0,3,0,0,0,0,6,0
1596,0,0,1,0,0,0,0,2,1
1596,0,0,2,0,0,0,0,6,0
1598,0,1,2,1,1,0,0,7,1
1598,0,1,6,1,1,0,0,9,0
1599,0,1,4,0,1,0,0,6,1
1599,0,1,6,0,1,0,0,6,0
1600,0,0,1,0,0,0,0,5,1
1600,0,1,1,0,1,0,0,9,0
1601,0,1,2,1,1,0,0,8,1
1601,0,1,3,1,1,0,0,9,0
1603,0,1,4,0,1,0,0,6,1
1603,0,1,6,0,1,0,0,6,0
1604,0,0,2,0,0,0,0,6,1
1604,0,1,2,0,1,0,0,9,0
1605,0,8,20,1,3,0,0,43,1
1605,0,8,20,1,3,0,0,43,0
1607,1,1,2,0,2,1,0,8,1
1607,1,1,3,0,2,1,0,9,0
1614,2,7,30,8,3,1,0,61,1
1614,2,7,30,8,3,1,0,61,0
1615,3,6,20,5,3,1,0,36,1
1615,3,6,20,5,3,1,0,36,0
1616,0,0,8,7,0,0,0,11,1
1616,0,0,8,7,0,0,0,13,0
1617,0,2,5,0,1,0,0,6,1
1617,0,2,5,0,1,0,0,7,0
1618,2,9,14,8,4,1,0,52,1
1618,2,9,14,8,4,1,0,52,0
1619,0,3,8,3,2,0,0,20,1
1619,0,3,8,3,2,0,0,20,0
1620,0,2,7,3,1,0,0,12,1
1620,0,2,7,3,1,0,0,12,0
1622,0,0,2,0,0,0,0,4,1
1622,0,0,2,0,0,0,0,4,0
1624,0,1,3,4,1,0,0,17,1
1624,0,1,3,4,1,0,0,17,0
1627,1,1,5,0,2,1,0,10,1
1627,1,1,6,0,2,1,0,11,0
1630,0,0,4,0,0,0,0,10,1
1630,0,2,11,0,2,0,0,15,0
1632,0,8,26,3,2,0,0,47,1
1632,0,9,25,3,3,0,0,50,0
1634,2,6,4,6,3,1,0,15,1
1634,2,6,4,6,3,1,0,15,0
1635,0,2,5,0,1,0,0,15,1
1635,0,2,5,0,1,0,0,18,0
1636,1,0,1,4,1,1,0,12,1
1636,1,0,1,4,1,1,0,12,0
1637,0,2,5,0,2,0,0,10,1
1637,0,0,3,0,0,0,0,7,0
1638,0,0,2,0,0,0,0,8,1
1638,0,1,2,1,1,0,0,9,0
1639,0,1,6,2,1,0,0,10,1
1639,1,2,12,3,1,1,0,17,0
1641,0,3,4,1,2,0,0,12,1
1641,0,3,4,1,2,0,0,14,0
1643,0,5,11,7,1,0,0,25,1
1643,0,1,7,1,1,0,0,22,0
1645,0,0,1,0,0,0,0,2,1
1645,0,0,3,0,0,0,0,4,0
1647,0,0,1,0,0,0,0,2,1
1647,0,0,3,0,0,0,0,4,0
1648,6,30,70,9,5,3,0,207,1
1648,6,30,71,9,5,3,0,208,0
1649,0,0,11,0,0,0,0,8,1
1649,0,0,11,0,0,0,0,8,0
1650,0,8,1,0,4,0,0,21,1
1650,0,8,1,0,4,0,0,23,0
1652,0,3,7,1,2,0,0,11,1
1652,0,3,7,1,2,0,0,11,0
1654,0,15,37,8,4,0,0,74,1
1654,0,18,37,8,4,0,0,76,0
1655,0,0,4,0,0,0,0,3,1
1655,0,0,4,0,0,0,0,3,0
1656,0,2,3,0,1,0,0,15,1
1656,0,2,3,0,1,0,0,15,0
1657,0,0,7,0,0,0,0,4,1
1657,0,0,7,0,0,0,0,4,0
1658,0,0,1,0,0,0,0,2,1
1658,0,0,3,0,0,0,0,4,0
1659,1,2,3,3,2,1,0,10,1
1659,1,2,3,2,2,1,0,10,0
1660,0,0,1,0,0,0,0,2,1
1660,0,0,3,0,0,0,0,4,0
1661,0,4,11,0,1,0,0,27,1
1661,0,4,11,0,1,0,0,27,0
1662,0,4,2,6,1,0,0,16,1
1662,0,4,2,6,1,0,0,17,0
1665,9,14,38,19,6,3,0,98,1
1665,9,16,40,19,6,3,0,104,0
1670,1,4,8,5,3,1,0,24,1
1670,1,3,14,2,3,1,0,30,0
1672,0,6,16,7,1,0,0,37,1
1672,0,7,15,6,1,0,0,36,0
1673,0,3,14,1,1,0,0,28,1
1673,0,3,14,1,1,0,0,29,0
1674,0,2,6,0,1,0,0,15,1
1674,0,2,6,0,1,0,0,16,0
1675,0,1,6,1,1,0,0,12,1
1675,0,1,6,1,1,0,0,12,0
1676,0,2,13,3,1,0,0,8,1
1676,0,3,16,3,1,0,0,10,0
1677,0,2,9,1,1,0,0,11,1
1677,0,2,8,1,1,0,0,11,0
1680,0,1,1,0,1,0,0,5,1
1680,0,1,1,0,1,0,0,5,0
1683,4,4,5,1,6,3,0,23,1
1683,4,4,5,1,6,3,0,23,0
1684,0,1,10,2,1,0,0,10,1
1684,0,1,9,2,1,0,0,7,0
1687,0,0,2,0,0,0,0,7,1
1687,0,0,2,0,0,0,0,7,0
1690,0,0,2,0,0,0,0,7,1
1690,0,0,2,0,0,0,0,7,0
1691,0,1,3,0,1,0,0,8,1
1691,0,1,4,0,1,0,0,8,0
1692,0,0,2,0,0,0,0,4,1
1692,0,0,1,0,0,0,0,4,0
1693,0,0,5,4,0,0,0,9,1
1693,0,0,5,4,0,0,0,10,0
1694,0,4,17,16,1,0,0,30,1
1694,0,5,18,17,1,0,0,33,0
1695,0,0,3,4,0,0,0,8,1
1695,0,0,3,4,0,0,0,9,0
1697,3,2,12,2,2,1,0,19,1
1697,3,2,9,2,2,1,0,16,0
1699,0,1,7,0,1,0,0,6,1
1699,0,0,1,0,0,0,0,2,0
1701,0,1,2,0,1,0,0,12,1
1701,0,1,2,0,1,0,0,12,0
1702,0,1,5,0,1,0,0,6,1
1702,0,2,7,0,1,0,0,9,0
1707,0,7,11,0,1,0,0,22,1
1707,0,6,13,0,1,0,0,21,0
1708,0,1,6,0,1,0,0,13,1
1708,0,1,6,0,1,0,0,7,0
1709,0,0,3,0,0,0,0,6,1
1709,0,0,3,0,0,0,0,9,0
1711,0,2,18,5,1,0,0,29,1
1711,0,2,18,5,1,0,0,29,0
1712,0,1,6,3,1,0,0,9,1
1712,0,1,6,3,1,0,0,9,0
1713,0,5,10,0,3,0,0,43,1
1713,0,5,10,0,3,0,0,43,0
1714,0,6,15,0,3,0,0,41,1
1714,0,6,16,0,3,0,0,41,0
1715,0,0,3,0,0,0,0,2,1
1715,0,0,1,0,0,0,0,2,0
1717,0,9,8,17,3,0,0,28,1
1717,0,9,8,17,3,0,0,27,0
1718,0,4,8,2,2,0,0,20,1
1718,0,4,8,2,2,0,0,22,0
1719,0,0,2,0,0,0,0,2,1
1719,0,0,2,0,0,0,0,2,0
1720,0,4,5,0,3,0,0,14,1
1720,0,4,5,0,3,0,0,14,0
1721,0,0,3,0,0,0,0,3,1
1721,0,0,3,0,0,0,0,6,0
1722,1,7,19,5,5,1,0,48,1
1722,1,7,19,5,4,1,0,49,0
1724,0,3,2,4,3,0,0,11,1
1724,0,3,2,4,3,0,0,12,0
1726,0,5,10,0,3,0,0,39,1
1726,0,5,10,0,3,0,0,43,0
1727,0,2,6,0,1,0,0,15,1
1727,0,2,6,0,1,0,0,15,0
1729,0,4,3,2,1,0,0,14,1
1729,0,4,3,2,1,0,0,17,0
1730,1,1,2,1,2,1,0,6,1
1730,1,1,2,1,2,1,0,6,0
1731,1,1,9,0,2,1,0,10,1
1731,1,1,9,0,2,1,0,10,0
1732,0,1,2,0,1,0,0,9,1
1732,0,1,1,0,1,0,0,9,0
1733,0,11,22,2,3,0,0,41,1
1733,0,15,25,3,4,0,0,52,0
1734,0,1,4,0,1,0,0,6,1
1734,0,1,4,0,1,0,0,6,0
1735,0,0,3,0,0,0,0,3,1
1735,0,0,3,0,0,0,0,3,0
1736,0,5,9,0,3,0,0,31,1
1736,0,5,9,0,3,0,0,31,0
1737,0,0,2,0,0,0,0,2,1
1737,0,0,2,0,0,0,0,2,0
1738,0,1,0,0,1,0,0,5,1
1738,0,1,0,0,1,0,0,5,0
1739,0,8,17,1,4,0,0,26,1
1739,0,8,19,1,4,0,0,27,0
1740,0,0,4,0,0,0,0,3,1
1740,0,0,4,0,0,0,0,3,0
1741,0,3,6,3,3,0,0,18,1
1741,0,3,7,3,3,0,0,18,0
1742,4,13,25,3,5,3,0,66,1
1742,4,13,25,3,5,3,0,66,0
1743,0,0,3,0,0,0,0,3,1
1743,0,0,3,0,0,0,0,3,0
1747,0,0,3,0,0,0,0,7,1
1747,0,0,3,0,0,0,0,7,0
1748,1,1,4,2,2,1,0,14,1
1748,1,1,2,1,2,1,0,6,0
1749,0,4,5,4,3,0,0,14,1
1749,0,4,5,4,3,0,0,14,0
1750,0,2,5,0,1,0,0,8,1
1750,0,2,5,0,1,0,0,8,0
1751,1,1,1,0,1,1,0,10,1
1751,1,1,1,0,1,1,0,8,0
1752,4,14,32,2,4,1,1,65,1
1752,4,14,32,2,4,1,1,65,0
1753,0,10,22,3,3,0,0,54,1
1753,0,11,22,3,3,0,0,56,0
1754,0,1,5,0,1,0,0,9,1
1754,0,1,5,0,1,0,0,9,0
1755,0,8,19,1,4,0,0,27,1
1755,0,8,19,1,4,0,0,26,0
1756,0,4,6,4,4,0,0,47,1
1756,0,4,6,2,4,0,0,47,0
1760,0,1,4,0,1,0,0,6,1
1760,0,2,6,0,1,0,0,7,0
1761,0,0,2,0,0,0,0,2,1
1761,0,0,4,0,0,0,0,5,0
1763,3,7,13,1,3,1,0,35,1
1763,3,7,13,1,3,1,0,34,0
1764,0,0,1,0,0,0,0,2,1
1764,0,0,1,0,0,0,0,2,0
1765,0,1,14,0,1,0,0,11,1
1765,0,1,15,0,1,0,0,12,0
1766,0,0,3,0,0,0,0,4,1
1766,0,0,3,0,0,0,0,4,0
1767,0,0,1,0,0,0,0,3,1
1767,0,0,1,0,0,0,0,3,0
1768,0,5,14,1,3,0,0,22,1
1768,0,5,15,1,3,0,0,22,0
1770,2,5,15,6,4,2,0,25,1
1770,2,5,14,6,4,2,0,25,0
1773,0,0,1,0,0,0,0,2,1
1773,0,2,8,0,1,0,0,10,0
1774,0,8,8,6,4,0,0,24,1
1774,0,10,11,9,6,0,0,35,0
1775,1,7,25,6,2,1,0,37,1
1775,1,8,26,6,2,1,0,39,0
1776,0,1,4,0,1,0,0,5,1
1776,0,1,4,0,1,0,0,5,0
1777,0,0,1,0,0,0,0,2,1
1777,0,0,1,0,0,0,0,2,0
1778,0,2,7,0,1,0,0,15,1
1778,0,2,7,0,1,0,0,15,0
1781,0,2,7,2,1,0,0,15,1
1781,0,1,7,0,1,0,0,10,0
1782,0,0,0,0,0,0,0,5,1
1782,0,0,0,0,0,0,0,6,0
1784,1,17,48,49,3,1,0,92,1
1784,1,18,51,49,3,1,0,94,0
1787,0,0,1,0,0,0,0,2,1
1787,0,2,8,0,1,0,0,10,0
1792,1,5,10,10,2,1,0,28,1
1792,1,5,10,10,2,1,0,28,0
1793,0,0,6,5,0,0,0,16,1
1793,0,0,6,5,0,0,0,17,0
1794,0,15,32,5,5,0,0,71,1
1794,0,2,5,0,2,0,0,13,0
1796,0,9,19,9,7,0,0,25,1
1796,0,10,21,10,8,0,0,27,0
1797,0,0,2,0,0,0,0,3,1
1797,0,0,2,0,0,0,0,3,0
1798,0,4,8,1,2,0,0,23,1
1798,0,3,7,1,2,0,0,21,0
1799,0,1,3,0,1,0,0,8,1
1799,0,5,14,0,1,0,0,19,0
1802,9,29,65,12,5,2,0,114,1
1802,9,29,65,12,5,2,0,114,0
1804,0,4,2,2,3,0,0,13,1
1804,0,4,2,2,3,0,0,13,0
1805,0,9,19,1,3,0,0,45,1
1805,0,9,21,1,3,0,0,45,0
1806,0,0,2,0,0,0,0,2,1
1806,0,0,2,0,0,0,0,2,0
1807,0,0,1,0,0,0,0,2,1
1807,0,1,2,0,1,0,0,4,0
1808,1,2,7,5,3,1,0,24,1
1808,1,2,7,5,3,1,0,24,0
1809,0,0,5,6,0,0,0,13,1
1809,0,0,7,7,0,0,0,20,0
1810,0,0,1,0,0,0,0,3,1
1810,0,0,1,0,0,0,0,4,0
1811,5,3,16,2,4,3,0,27,1
1811,5,4,20,4,4,3,0,32,0
1812,0,7,23,0,1,0,0,32,1
1812,0,7,24,0,1,0,0,32,0
1813,0,1,1,0,1,0,0,4,1
1813,0,2,2,0,1,0,0,6,0
1814,0,9,16,4,2,0,0,33,1
1814,0,9,18,4,2,0,0,36,0
1815,0,0,3,0,0,0,0,2,1
1815,0,1,3,0,1,0,0,7,0
1816,2,5,17,8,3,1,0,31,1
1816,2,5,19,8,3,1,0,31,0
1817,0,0,2,0,0,0,0,2,1
1817,0,0,2,0,0,0,0,2,0
1818,0,5,14,4,1,0,0,19,1
1818,0,5,15,4,1,0,0,19,0
1819,0,1,4,0,1,0,0,5,1
1819,0,1,4,0,1,0,0,5,0
1821,0,0,1,0,0,0,0,2,1
1821,0,0,1,0,0,0,0,2,0
1822,0,1,3,0,1,0,1,10,1
1822,0,7,23,0,1,0,0,32,0
1824,0,3,4,3,2,0,0,10,1
1824,0,3,4,3,2,0,0,11,0
1827,0,2,7,0,1,0,0,15,1
1827,0,2,8,0,1,0,0,15,0
1828,2,7,17,0,4,1,0,31,1
1828,2,8,17,0,4,1,0,34,0
1829,0,0,2,0,0,0,0,2,1
1829,0,0,2,0,0,0,0,2,0
1831,0,1,3,0,1,0,1,9,1
1831,0,1,5,0,1,0,0,7,0
1832,6,21,25,24,6,1,0,84,1
1832,6,21,26,24,6,1,0,84,0
1833,0,1,3,0,1,0,0,6,1
1833,0,0,1,0,0,0,0,2,0
1835,0,33,59,4,10,0,0,99,1
1835,0,33,59,4,10,0,0,99,0
1836,0,3,4,1,2,0,0,13,1
1836,0,3,4,1,2,0,0,13,0
1837,0,1,5,0,1,0,0,8,1
1837,0,1,4,0,1,0,0,8,0
1838,0,0,2,0,0,0,0,4,1
1838,0,0,2,0,0,0,0,4,0
1839,0,0,2,0,0,0,0,3,1
1839,0,0,2,0,0,0,0,3,0
1840,0,3,3,2,2,0,0,12,1
1840,0,3,3,2,2,0,0,12,0
1841,0,0,1,0,0,0,0,6,1
1841,0,0,1,0,0,0,0,6,0
1847,0,0,5,0,0,0,0,9,1
1847,0,0,5,0,0,0,0,9,0
1848,0,1,0,2,1,0,0,5,1
1848,0,2,2,6,1,0,0,10,0
1849,0,0,0,0,0,0,0,6,1
1849,0,0,0,0,0,0,0,4,0
1850,0,1,4,0,1,0,0,9,1
1850,0,0,4,0,0,0,0,7,0
1851,0,1,5,5,1,0,0,14,1
1851,0,1,5,6,1,0,0,14,0
1852,0,1,3,0,1,0,0,6,1
1852,0,0,1,0,0,0,0,2,0
1853,2,4,20,3,2,1,0,22,1
1853,2,6,22,12,3,1,0,39,0
1854,0,0,2,0,0,0,0,3,1
1854,0,0,2,0,0,0,0,3,0
1856,0,2,5,6,1,0,1,12,1
1856,0,2,5,5,1,0,1,11,0
1857,0,1,5,4,1,0,0,14,1
1857,0,1,5,4,1,0,0,14,0
1860,0,3,6,0,1,0,0,11,1
1860,0,3,6,0,1,0,0,11,0
1861,0,1,3,0,1,0,0,5,1
1861,0,2,4,0,2,0,0,9,0
1862,0,0,2,0,0,0,0,3,1
1862,0,0,2,0,0,0,0,3,0
1863,0,1,2,1,1,0,0,6,1
1863,0,1,2,1,1,0,0,7,0
1864,0,3,13,4,2,0,0,25,1
1864,0,4,13,5,2,0,0,27,0
1865,2,6,36,4,2,2,0,54,1
1865,1,6,35,4,2,1,0,51,0
1868,0,0,1,0,0,0,0,5,1
1868,0,0,1,0,0,0,0,6,0
1869,2,4,19,15,2,1,0,41,1
1869,2,4,20,16,2,1,0,42,0
1870,0,5,18,0,5,0,0,38,1
1870,0,5,18,0,5,0,0,39,0
1873,0,1,2,0,1,0,0,7,1
1873,0,2,6,0,1,0,0,11,0
1874,1,5,11,0,3,1,0,29,1
1874,1,4,10,0,3,1,0,25,0
1875,0,1,10,0,1,0,0,13,1
1875,0,1,10,0,1,0,0,13,0
1876,0,0,8,0,0,0,0,10,1
1876,0,0,7,0,0,0,0,9,0
1877,1,1,6,7,2,1,0,12,1
1877,2,2,7,6,4,2,0,16,0
1878,0,1,3,2,1,0,0,8,1
1878,0,1,4,2,1,0,0,10,0
1879,0,4,1,1,2,0,0,16,1
1879,0,5,1,1,3,0,0,17,0
1880,1,0,17,2,1,1,0,21,1
1880,1,0,17,2,1,1,0,21,0
1881,0,0,0,0,0,0,0,5,1
1881,0,0,0,0,0,0,0,6,0
1882,0,1,5,0,1,0,0,7,1
1882,0,1,5,0,1,0,0,7,0
1883,0,3,9,5,3,0,0,13,1
1883,0,3,8,0,3,0,0,10,0
1884,0,0,5,4,0,0,0,13,1
1884,0,0,5,4,0,0,0,14,0
1886,0,0,3,0,0,0,0,5,1
1886,0,0,4,0,0,0,0,5,0
1887,1,4,14,4,2,1,0,27,1
1887,1,4,14,4,2,1,0,27,0
1891,1,26,99,9,3,1,0,188,1
1891,1,26,99,9,3,1,0,189,0
1892,1,1,12,3,1,1,0,25,1
1892,1,0,15,2,1,1,0,26,0
1893,0,1,7,2,1,0,0,12,1
1893,0,1,7,2,1,0,0,12,0
1894,0,2,14,3,1,0,0,25,1
1894,1,1,17,1,2,1,0,25,0
1895,0,0,1,0,0,0,0,3,1
1895,0,0,1,0,0,0,0,3,0
1896,1,2,14,8,3,1,0,27,1
1896,1,3,14,8,3,1,0,28,0
1899,0,0,3,0,0,0,0,4,1
1899,0,1,7,0,1,0,0,11,0
1900,0,4,11,3,3,0,0,12,1
1900,0,4,11,3,3,0,0,12,0
1901,0,0,1,0,0,0,0,2,1
1901,1,0,2,0,1,1,0,6,0
1902,0,1,2,0,1,0,0,5,1
1902,0,1,2,0,1,0,0,4,0
1903,1,0,17,2,1,1,0,21,1
1903,1,0,17,2,1,1,0,21,0
1904,0,0,2,0,0,0,0,4,1
1904,0,0,2,0,0,0,0,4,0
1905,0,2,6,3,1,0,0,16,1
1905,0,1,8,1,1,0,0,16,0
1906,1,2,19,11,2,1,0,33,1
1906,1,2,20,11,2,1,0,33,0
1907,0,1,10,0,1,0,0,16,1
1907,0,1,10,0,1,0,0,15,0
1909,0,2,3,1,2,0,0,7,1
1909,0,1,3,3,1,0,0,6,0
1910,0,1,2,0,1,0,0,4,1
1910,0,1,2,0,1,0,0,4,0
1911,0,9,26,1,3,0,0,27,1
1911,0,7,19,0,2,0,0,20,0
1912,0,5,15,2,1,0,0,49,1
1912,0,6,16,4,1,0,0,53,0
1913,0,1,7,3,1,0,0,11,1
1913,0,1,5,2,1,0,0,9,0
1914,4,16,38,5,3,1,1,84,1
1914,4,16,38,5,3,1,1,85,0
1916,0,2,3,1,1,0,0,59,1
1916,0,0,4,3,0,0,0,59,0
1919,0,1,4,0,1,0,0,5,1
1919,0,4,5,0,1,0,0,15,0
1920,0,16,20,0,7,0,0,46,1
1920,0,16,20,0,7,0,0,48,0
1922,0,4,11,2,3,0,0,17,1
1922,0,1,3,0,1,0,0,8,0
1923,0,0,2,0,0,0,0,2,1
1923,0,0,2,0,0,0,0,3,0
1925,0,2,5,0,2,0,0,48,1
1925,0,0,1,0,0,0,0,27,0
1926,3,2,19,10,2,1,0,29,1
1926,4,3,24,12,2,1,0,40,0
1928,0,5,17,8,3,0,0,31,1
1928,0,2,10,5,1,0,0,16,0
1929,1,6,29,18,1,1,0,45,1
1929,1,5,22,6,3,1,0,33,0
1931,0,2,7,9,2,0,0,27,1
1931,1,3,8,12,3,1,0,41,0
1932,0,9,15,4,4,0,0,27,1
1932,0,8,13,4,4,0,0,25,0
1934,2,3,7,5,3,1,0,23,1
1934,2,3,8,3,3,1,0,20,0
1935,0,3,10,2,3,0,0,14,1
1935,0,1,10,3,1,0,0,12,0
1936,0,1,5,0,1,0,0,9,1
1936,0,2,7,0,1,0,0,10,0
1937,0,2,7,3,1,0,0,9,1
1937,0,2,7,3,1,0,0,9,0
1938,1,3,3,1,2,1,0,11,1
1938,0,1,1,0,1,0,0,4,0
1939,0,3,8,8,2,0,0,22,1
1939,0,0,1,1,0,0,0,3,0
1941,0,7,14,0,3,0,0,36,1
1941,0,7,14,0,3,0,0,33,0
1942,2,2,17,1,1,1,0,26,1
1942,0,0,9,1,0,0,0,11,0
1943,0,2,8,0,1,0,0,16,1
1943,0,2,8,0,1,0,0,16,0
1944,0,2,12,1,1,0,0,18,1
1944,0,1,6,0,1,0,0,12,0
1945,0,14,17,1,5,0,0,59,1
1945,0,14,17,1,5,0,0,56,0
1946,0,5,5,3,3,0,0,15,1
1946,0,5,5,3,3,0,0,15,0
1947,0,1,8,2,1,0,0,13,1
1947,0,4,15,2,2,0,0,20,0
1948,1,9,20,0,5,1,0,25,1
1948,1,11,26,0,5,1,0,29,0
1949,0,4,4,0,2,0,0,18,1
1949,0,6,10,0,3,0,0,22,0
1950,0,4,15,1,2,0,0,26,1
1950,0,4,15,1,2,0,0,26,0
1951,0,19,56,10,3,0,0,78,1
1951,0,19,58,9,3,0,0,78,0
1953,0,7,13,0,5,0,0,22,1
1953,0,3,8,0,2,0,0,14,0
1954,0,5,2,2,4,0,0,14,1
1954,0,3,2,1,2,0,0,9,0
1955,4,15,36,4,3,1,0,58,1
1955,2,11,31,3,3,1,0,43,0
1956,0,6,28,7,5,0,1,49,1
1956,0,7,26,10,5,0,1,55,0
1958,0,1,3,0,1,0,0,5,1
1958,0,1,2,0,1,0,0,6,0
1959,7,33,94,12,5,2,0,125,1
1959,7,32,91,10,5,2,0,118,0
1960,0,5,8,0,3,0,0,18,1
1960,0,5,8,0,3,0,0,18,0
1962,0,0,1,0,0,0,0,4,1
1962,0,0,1,3,0,0,0,2,0
1963,0,3,9,2,1,0,0,15,1
1963,0,2,7,1,1,0,0,8,0
1966,1,11,29,1,3,1,0,39,1
1966,0,7,21,1,3,0,0,33,0
1967,0,8,16,4,3,0,0,35,1
1967,0,9,18,4,3,0,0,38,0
1968,0,1,6,0,1,0,0,6,1
1968,0,0,4,0,0,0,0,9,0
1969,0,4,5,1,1,0,0,122,1
1969,0,0,4,3,0,0,0,60,0
1971,0,7,17,1,2,0,0,29,1
1971,0,7,15,1,2,0,0,27,0
1972,0,1,16,11,1,0,0,15,1
1972,0,0,10,5,0,0,0,11,0
1973,0,0,2,0,0,0,0,4,1
1973,0,0,2,0,0,0,0,4,0
1974,0,4,9,1,2,0,0,25,1
1974,0,3,9,1,2,0,0,19,0
1975,0,3,9,2,2,0,0,22,1
1975,0,5,10,2,3,0,0,28,0
1976,1,6,10,2,2,1,0,28,1
1976,0,6,9,0,2,0,0,25,0
1977,2,11,32,3,3,1,0,44,1
1977,1,3,14,3,2,1,0,27,0
1978,0,3,6,0,1,0,0,27,1
1978,0,6,7,0,1,0,0,32,0
1979,1,27,60,3,4,1,0,106,1
1979,1,25,48,3,4,1,0,92,0
1980,0,6,33,5,6,0,0,28,1
1980,0,6,28,0,6,0,0,28,0
1981,0,2,3,0,1,0,0,6,1
1981,0,1,1,0,1,0,0,4,0
1982,1,6,8,1,5,1,0,30,1
1982,1,4,8,1,4,1,0,24,0
1984,1,6,12,2,2,1,0,23,1
1984,1,6,14,2,2,1,0,23,0
1985,0,17,28,3,4,0,0,65,1
1985,0,17,29,3,4,0,0,65,0
1987,0,4,13,0,4,0,0,18,1
1987,0,4,11,0,4,0,0,15,0
1989,0,0,1,1,0,0,0,6,1
1989,0,4,3,2,4,0,0,17,0
1990,0,11,43,0,3,0,0,50,1
1990,0,12,44,0,4,0,1,47,0
1991,0,1,8,0,1,0,0,10,1
1991,0,1,6,0,1,0,0,8,0
1992,0,1,6,0,1,0,0,12,1
1992,0,2,8,0,1,0,0,18,0
1993,0,0,1,0,0,0,0,2,1
1993,0,0,4,0,0,0,0,6,0
1994,0,1,9,3,1,0,0,12,1
1994,0,1,10,3,1,0,0,16,0
1995,0,0,3,0,0,0,0,3,1
1995,0,0,3,0,0,0,0,3,0
1997,0,2,10,0,2,0,0,18,1
1997,0,0,3,0,0,0,0,7,0
1998,1,0,10,0,1,1,0,17,1
1998,1,3,15,11,3,1,0,19,0
2000,0,2,16,7,1,0,0,24,1
2000,0,1,5,2,1,0,0,11,0
2001,0,5,19,0,2,0,0,23,1
2001,0,5,11,3,2,0,0,21,0
2003,0,3,7,2,2,0,0,12,1
2003,0,3,10,2,1,0,0,22,0
2004,0,2,7,2,2,0,0,12,1
2004,0,2,9,2,2,0,0,12,0
2005,0,4,8,2,3,0,0,17,1
2005,0,2,4,2,2,0,0,13,0
2006,0,1,6,0,1,0,0,13,1
2006,0,1,6,0,1,0,0,14,0
2007,0,0,2,0,0,0,0,5,1
2007,0,0,2,0,0,0,0,2,0
2008,0,4,6,3,1,0,0,21,1
2008,0,4,5,3,1,0,0,21,0
2009,0,1,5,0,1,0,0,7,1
2009,0,0,3,0,0,0,0,3,0
2010,0,1,5,5,1,0,0,9,1
2010,0,1,5,5,1,0,0,14,0
2012,0,2,13,0,2,0,0,17,1
2012,0,3,11,0,3,0,0,16,0
2014,0,0,3,0,0,0,0,3,1
2014,0,1,5,0,1,0,0,7,0
2015,0,3,6,0,3,0,0,12,1
2015,0,3,5,0,3,0,0,8,0
2016,1,15,34,5,4,1,0,52,1
2016,1,16,39,7,4,1,0,56,0
2017,1,3,13,5,2,1,0,23,1
2017,1,4,14,5,3,1,0,22,0
2018,0,13,8,8,8,0,0,35,1
2018,0,16,10,8,8,0,0,45,0
2023,1,0,5,3,1,1,0,9,1
2023,0,0,3,0,0,0,0,5,0
2024,0,12,26,4,3,0,0,53,1
2024,0,11,28,4,4,0,0,48,0
2027,0,4,15,1,2,0,0,24,1
2027,0,4,15,1,2,0,0,24,0
2028,0,1,7,0,1,0,0,7,1
2028,0,1,7,0,1,0,0,7,0
2029,1,4,8,2,2,1,0,21,1
2029,1,4,8,2,2,1,0,22,0
2031,0,2,4,0,2,0,0,10,1
2031,0,1,2,0,1,0,0,7,0
2032,0,0,2,0,0,0,0,2,1
2032,0,0,2,0,0,0,0,3,0
2033,0,4,12,0,2,0,0,17,1
2033,0,5,12,0,2,0,0,18,0
2034,3,13,61,5,4,2,0,73,1
2034,3,13,63,5,4,2,0,74,0
2035,0,0,1,0,0,0,0,2,1
2035,0,1,1,2,1,0,0,6,0
2036,0,1,2,1,1,0,0,5,1
2036,0,0,1,1,0,0,0,3,0
2037,1,1,5,2,1,1,0,16,1
2037,1,1,5,2,1,1,0,16,0
2038,0,6,17,0,3,0,0,30,1
2038,0,15,33,2,6,0,0,63,0
2039,0,3,9,2,2,0,0,18,1
2039,0,2,9,1,2,0,0,15,0
2040,0,3,14,2,2,0,0,19,1
2040,0,2,7,2,2,0,0,15,0
2041,0,5,8,1,2,0,0,15,1
2041,0,2,6,0,1,0,0,8,0
2042,0,1,2,0,1,0,0,4,1
2042,0,1,3,0,1,0,0,6,0
2043,0,1,2,0,1,0,0,5,1
2043,0,2,2,3,1,0,0,10,0
2044,0,25,41,3,9,0,0,79,1
2044,0,26,42,3,9,0,0,84,0
2045,0,0,9,3,0,0,0,8,1
2045,0,0,13,5,0,0,0,11,0
2046,2,0,12,3,2,2,0,21,1
2046,0,0,2,0,0,0,0,6,0
2047,0,10,24,1,5,0,0,45,1
2047,0,9,23,1,5,0,0,41,0
2048,0,3,6,2,2,0,0,14,1
2048,0,3,8,2,2,0,0,15,0
2049,0,19,23,0,7,0,0,51,1
2049,0,19,23,0,6,0,0,51,0
2050,0,2,5,0,1,0,0,16,1
2050,0,0,3,0,0,0,0,4,0
2051,0,5,10,2,2,0,1,21,1
2051,0,0,3,0,0,0,0,4,0
2052,0,1,5,0,1,0,0,7,1
2052,0,0,3,0,0,0,0,5,0
2053,0,5,7,0,4,0,0,21,1
2053,0,5,7,0,4,0,0,25,0
2054,0,2,3,0,1,0,0,12,1
2054,0,2,4,0,1,0,0,12,0
2055,0,0,1,1,0,0,0,4,1
2055,0,0,1,1,0,0,0,4,0
2056,1,1,13,4,2,1,0,20,1
2056,1,1,13,4,2,1,0,20,0
2057,0,1,2,2,1,0,0,6,1
2057,0,1,2,3,1,0,0,6,0
2059,0,0,0,0,0,0,0,2,1
2059,0,0,0,0,0,0,0,2,0
2060,0,2,5,0,1,0,0,9,1
2060,0,2,6,0,1,0,0,9,0
2061,0,0,5,1,0,0,0,9,1
2061,0,0,5,1,0,0,0,9,0
2062,0,1,1,1,1,0,0,5,1
2062,0,1,0,2,1,0,0,4,0
2063,0,2,8,0,2,0,0,8,1
2063,0,2,5,0,2,0,0,7,0
2065,1,4,17,2,2,1,0,23,1
2065,1,4,17,2,2,1,0,23,0
2066,0,0,5,0,0,0,0,5,1
2066,0,0,4,0,0,0,0,6,0
2067,0,0,1,0,0,0,0,3,1
2067,0,0,1,0,0,0,0,3,0
2068,1,3,8,0,3,1,0,13,1
2068,1,3,9,0,3,1,0,13,0
2069,0,0,1,0,0,0,0,2,1
2069,0,0,2,0,0,0,0,3,0
2071,0,2,6,6,2,0,0,16,1
2071,0,2,6,7,2,0,0,18,0
2073,0,0,5,0,0,0,0,8,1
2073,0,0,5,0,0,0,0,8,0
2074,0,0,1,7,0,0,0,7,1
2074,0,0,1,7,0,0,0,7,0
2075,0,2,5,0,1,0,0,11,1
2075,0,2,4,0,1,0,0,10,0
2076,0,1,4,4,1,0,0,6,1
2076,0,1,4,4,1,0,0,6,0
2079,0,4,10,2,2,0,0,18,1
2079,0,4,9,2,2,0,0,18,0
2081,0,0,1,1,0,0,0,2,1
2081,0,1,2,0,1,0,0,5,0
2082,0,0,1,0,0,0,0,2,1
2082,0,0,0,0,0,0,0,2,0
2083,0,0,1,0,0,0,0,2,1
2083,0,0,2,0,0,0,0,2,0
2085,0,0,0,0,0,0,0,2,1
2085,0,0,1,0,0,0,0,2,0
2086,0,4,15,1,2,0,0,24,1
2086,0,4,21,1,2,0,0,27,0
2087,0,1,5,0,1,0,0,6,1
2087,0,4,15,0,3,0,0,18,0
2089,0,0,2,0,0,0,0,2,1
2089,0,0,2,0,0,0,0,2,0
2090,1,2,4,0,2,1,0,7,1
2090,1,2,5,0,2,1,0,7,0
2091,3,6,16,1,3,1,0,32,1
2091,4,15,33,5,5,1,0,59,0
2092,0,6,14,0,4,0,0,30,1
2092,0,6,16,0,4,0,0,30,0
2093,0,6,15,1,2,0,0,24,1
2093,0,6,15,1,2,0,0,25,0
2095,0,0,4,2,0,0,0,6,1
2095,0,0,3,5,0,0,0,5,0
2096,1,3,6,0,2,1,0,64,1
2096,1,3,5,0,2,1,0,62,0
2097,0,3,4,0,1,0,0,19,1
2097,0,3,4,1,1,0,0,23,0
2101,0,0,3,0,0,0,0,3,1
2101,0,0,3,0,0,0,0,3,0
2102,0,2,5,0,1,0,0,17,1
2102,0,1,6,0,1,0,0,13,0
2103,0,8,13,2,2,0,0,40,1
2103,0,2,5,1,1,0,0,14,0
2104,0,13,26,0,4,0,0,55,1
2104,0,13,27,0,4,0,0,56,0
2105,0,1,5,0,1,0,0,9,1
2105,0,1,5,0,1,0,0,9,0
2106,0,3,4,3,2,0,0,10,1
2106,0,3,4,5,2,0,0,10,0
2107,0,6,15,1,2,0,0,25,1
2107,0,6,28,1,2,0,0,28,0
2109,0,0,5,0,0,0,0,3,1
2109,0,0,5,0,0,0,0,3,0
2110,0,0,0,0,0,0,0,2,1
2110,0,0,0,0,0,0,0,2,0
2111,0,4,7,0,4,0,0,13,1
2111,0,4,7,0,4,0,0,13,0
2112,0,1,8,0,1,0,0,18,1
2112,0,1,8,0,1,0,0,18,0
2113,0,3,5,0,2,0,0,9,1
2113,0,3,4,0,2,0,0,9,0
2114,0,2,12,1,2,0,0,28,1
2114,0,2,11,1,2,0,0,27,0
2115,0,2,3,0,2,0,0,8,1
2115,0,2,3,0,2,0,0,8,0
2116,0,1,5,0,1,0,0,8,1
2116,0,1,6,0,1,0,0,8,0
2117,0,3,16,8,2,0,0,22,1
2117,0,3,17,8,2,0,0,23,0
2119,0,6,13,0,2,0,1,25,1
2119,0,6,17,4,2,0,1,28,0
2120,0,3,7,0,2,0,0,11,1
2120,0,3,7,0,2,0,0,13,0
2121,2,4,6,6,2,2,0,21,1
2121,2,4,6,7,2,2,0,25,0
2122,0,4,8,0,3,0,0,18,1
2122,0,4,8,1,3,0,0,18,0
2123,0,2,9,0,1,0,0,13,1
2123,0,2,9,0,1,0,0,12,0
2124,0,5,13,4,2,0,0,20,1
2124,0,5,13,4,2,0,0,20,0
2125,0,6,24,0,5,0,1,55,1
2125,0,7,24,1,5,0,1,57,0
2126,0,0,2,0,0,0,0,29,1
2126,0,0,2,0,0,0,0,29,0
2127,0,10,19,7,3,0,0,44,1
2127,0,10,17,7,3,0,0,44,0
2128,0,3,10,1,3,0,0,13,1
2128,0,3,12,1,3,0,0,13,0
2130,0,4,4,0,3,0,0,13,1
2130,0,4,4,0,3,0,0,13,0
2131,0,0,2,0,0,0,0,4,1
2131,0,0,2,0,0,0,0,4,0
2132,2,4,21,6,3,1,0,48,1
2132,2,4,21,6,3,1,0,48,0
2133,0,0,3,0,0,0,0,4,1
2133,0,0,3,0,0,0,0,4,0
2135,0,0,0,0,0,0,0,3,1
2135,0,0,0,0,0,0,0,3,0
2136,0,0,1,0,0,0,0,2,1
2136,0,0,1,0,0,0,0,2,0
2137,0,0,2,0,0,0,0,18,1
2137,0,0,2,0,0,0,0,18,0
2138,0,0,2,1,0,0,0,6,1
2138,0,0,3,1,0,0,0,7,0
2139,0,2,5,0,1,0,0,8,1
2139,0,2,4,2,1,0,0,8,0
2140,0,0,3,0,0,0,0,4,1
2140,0,0,2,0,0,0,0,3,0
2142,0,0,3,1,0,0,0,7,1
2142,0,0,3,1,0,0,0,6,0
2144,1,1,6,2,1,1,0,17,1
2144,1,1,6,2,1,1,0,16,0
2145,0,16,36,0,4,0,0,87,1
2145,0,14,31,0,4,0,0,74,0
2146,0,0,3,0,0,0,0,4,1
2146,0,0,3,0,0,0,0,4,0
2148,0,7,28,16,3,0,0,48,1
2148,0,7,28,16,3,0,0,48,0
2149,0,3,3,1,2,0,0,12,1
2149,0,2,2,2,2,0,0,10,0
2150,1,1,24,10,2,1,0,26,1
2150,1,1,25,11,2,1,0,26,0
2151,0,0,1,0,0,0,0,19,1
2151,0,0,1,1,0,0,0,19,0
2152,0,4,9,1,3,0,0,17,1
2152,0,4,7,1,3,0,0,17,0
2153,0,1,2,0,1,0,0,5,1
2153,0,1,2,0,1,0,0,5,0
2154,0,2,3,1,1,0,0,7,1
2154,0,2,3,1,1,0,0,7,0
2155,0,27,42,0,5,0,0,130,1
2155,0,28,44,0,5,0,0,137,0
2158,0,2,4,3,2,0,0,39,1
2158,0,2,4,4,2,0,0,39,0
2159,0,3,6,0,1,0,0,24,1
2159,0,3,6,0,1,0,0,24,0
2161,0,0,1,0,0,0,0,3,1
2161,0,0,1,0,0,0,0,3,0
2162,0,0,4,0,0,0,0,5,1
2162,0,0,2,0,0,0,0,3,0
2163,1,0,5,0,1,1,0,8,1
2163,1,0,5,0,1,1,0,8,0
2164,1,7,12,1,4,1,0,25,1
2164,1,7,12,1,4,1,0,25,0
2165,0,7,22,2,2,0,0,32,1
2165,0,8,23,2,2,0,0,35,0
2166,0,3,10,0,3,0,0,11,1
2166,0,3,10,0,3,0,0,11,0
2167,0,8,13,4,3,0,0,41,1
2167,0,8,14,4,3,0,0,45,0
2168,0,7,16,0,7,0,0,17,1
2168,0,7,16,0,7,0,0,17,0
2172,0,3,8,0,2,0,0,13,1
2172,0,4,9,0,3,0,0,19,0
2174,1,0,6,0,1,1,0,11,1
2174,1,0,6,0,1,1,0,11,0
2175,0,1,5,0,1,0,0,7,1
2175,0,1,3,0,1,0,0,5,0
2176,0,0,1,0,0,0,0,2,1
2176,0,0,1,0,0,0,0,2,0
2177,0,0,2,0,0,0,0,3,1
2177,0,0,2,0,0,0,0,3,0
2178,0,0,1,1,0,0,0,4,1
2178,0,0,1,1,0,0,0,4,0
2179,1,1,11,2,1,1,0,15,1
2179,1,0,9,2,1,1,0,13,0
2180,0,0,1,0,0,0,0,6,1
2180,0,0,1,0,0,0,0,6,0
2181,0,1,4,2,1,0,0,11,1
2181,0,1,4,2,1,0,0,11,0
2182,0,0,1,0,0,0,0,2,1
2182,0,0,1,0,0,0,0,2,0
2185,2,7,16,0,3,1,0,40,1
2185,2,7,16,0,3,1,0,41,0
2186,0,2,6,0,1,0,0,7,1
2186,0,0,3,0,0,0,0,3,0
2187,0,2,3,0,2,0,0,7,1
2187,0,2,3,0,2,0,0,7,0
2188,0,1,5,0,1,0,0,10,1
2188,0,1,4,0,1,0,0,6,0
2189,0,0,3,0,0,0,0,4,1
2189,0,0,2,0,0,0,0,3,0
2190,0,1,4,0,1,0,0,7,1
2190,0,1,4,0,1,0,0,6,0
2191,1,6,22,3,2,1,0,32,1
2191,1,6,22,3,2,1,0,32,0
2192,0,5,8,0,2,0,0,23,1
2192,0,5,8,0,2,0,0,23,0
2194,0,1,8,0,1,0,0,15,1
2194,0,1,8,0,1,0,0,15,0
2195,0,1,8,1,1,0,0,12,1
2195,0,1,8,2,1,0,0,12,0
2197,0,3,17,8,2,0,0,23,1
2197,0,3,17,8,2,0,0,23,0
2198,0,0,1,0,0,0,0,2,1
2198,0,0,1,0,0,0,0,2,0
2199,0,0,1,0,0,0,0,2,1
2199,0,0,1,0,0,0,0,2,0
2200,0,0,2,0,0,0,0,2,1
2200,0,0,1,0,0,0,0,2,0
2201,1,6,12,7,5,1,0,29,1
2201,1,6,12,7,5,1,0,29,0
2202,0,0,2,0,0,0,0,2,1
2202,0,0,2,0,0,0,0,2,0
2203,0,26,43,0,8,0,0,75,1
2203,0,26,43,0,8,0,0,75,0
2206,0,3,6,0,2,0,0,15,1
2206,0,1,4,0,1,0,0,7,0
2207,0,3,5,2,2,0,0,17,1
2207,0,3,5,2,2,0,0,17,0
2208,0,8,14,4,3,0,0,45,1
2208,0,8,14,4,3,0,0,46,0
2210,0,2,7,0,2,0,0,8,1
2210,0,2,7,0,2,0,0,8,0
2211,0,10,17,3,3,0,0,51,1
2211,0,10,17,3,3,0,0,52,0
2213,1,1,3,1,2,1,0,11,1
2213,1,0,2,1,1,1,0,8,0
2214,0,1,2,0,1,0,0,9,1
2214,0,1,3,0,1,0,0,10,0
2215,0,1,7,0,1,0,0,11,1
2215,0,1,7,0,1,0,0,11,0
2217,0,8,9,9,5,0,0,41,1
2217,0,7,9,9,4,0,0,38,0
2218,1,8,23,15,4,1,0,41,1
2218,1,9,24,15,5,1,0,43,0
2219,0,1,3,0,1,0,0,7,1
2219,0,1,3,0,1,0,0,7,0
2222,0,0,4,0,0,0,0,5,1
2222,0,0,4,0,0,0,0,5,0
2224,16,0,0,16,3,3,0,72,1
2224,16,0,0,16,3,3,0,72,0
2225,0,9,5,2,9,0,0,26,1
2225,0,8,5,2,8,0,0,24,0
2226,0,7,16,3,2,0,0,38,1
2226,0,7,16,3,2,0,0,38,0
2227,0,0,0,0,0,0,0,2,1
2227,0,0,3,0,0,0,0,7,0
2228,0,3,5,0,3,0,0,10,1
2228,0,3,4,0,3,0,0,10,0
2229,1,6,8,2,5,1,0,15,1
2229,1,4,3,2,4,1,0,10,0
2231,3,7,37,35,5,2,0,60,1
2231,3,7,37,34,5,2,0,59,0
2232,0,6,14,1,3,0,0,24,1
2232,0,6,14,1,3,0,0,23,0
2233,0,2,3,0,1,0,0,12,1
2233,0,2,3,0,1,0,0,12,0
2234,0,3,4,0,2,0,0,23,1
2234,0,2,4,0,2,0,0,21,0
2235,2,11,17,3,5,1,0,48,1
2235,2,11,20,3,5,1,0,48,0
2236,0,4,9,4,2,0,0,18,1
2236,0,4,9,4,2,0,0,18,0
2238,0,6,5,4,2,0,0,15,1
2238,0,6,5,4,2,0,0,15,0
2239,0,2,8,0,1,0,0,20,1
2239,0,2,8,0,1,0,0,20,0
2240,1,5,16,1,3,1,0,22,1
2240,1,5,16,1,3,1,0,23,0
2242,0,13,41,2,3,0,0,63,1
2242,0,13,41,2,3,0,0,63,0
2243,1,5,14,2,3,1,0,26,1
2243,1,4,13,2,3,1,0,24,0
2244,1,0,4,3,1,1,0,29,1
2244,1,0,4,3,1,1,0,29,0
2245,0,5,0,0,1,0,0,13,1
2245,0,5,0,0,1,0,0,13,0
2246,1,6,2,7,6,1,0,26,1
2246,1,6,2,7,6,1,0,26,0
2247,0,2,12,1,1,0,1,27,1
2247,0,2,12,1,1,0,1,29,0
2248,0,5,8,1,5,0,0,15,1
2248,0,5,8,1,5,0,0,15,0
2249,2,26,32,8,10,1,0,78,1
2249,2,26,33,8,10,1,0,78,0
2250,0,7,11,0,1,0,0,20,1
2250,0,7,11,0,1,0,0,21,0
2251,0,2,6,0,2,0,0,9,1
2251,0,2,6,0,2,0,0,9,0
2253,1,1,6,3,1,1,0,7,1
2253,1,1,6,3,1,1,0,7,0
2256,0,4,7,2,2,0,0,13,1
2256,0,4,7,2,2,0,0,13,0
2257,0,4,13,1,2,0,0,19,1
2257,0,1,5,0,1,0,0,7,0
2259,0,1,2,1,1,0,0,18,1
2259,0,1,2,1,1,0,0,19,0
2260,2,0,13,7,2,2,0,17,1
2260,2,0,12,7,2,2,0,15,0
2262,0,3,6,0,2,0,0,9,1
2262,0,6,11,0,2,0,0,21,0
2263,0,0,2,0,0,0,0,2,1
2263,0,0,1,0,0,0,0,2,0
2264,1,4,13,2,3,1,0,24,1
2264,1,4,13,2,3,1,0,24,0
2265,0,5,12,8,2,0,0,25,1
2265,0,5,13,8,2,0,0,25,0
2267,0,6,7,0,4,0,0,22,1
2267,0,6,7,0,4,0,0,23,0
2268,0,0,0,1,0,0,0,2,1
2268,0,0,0,1,0,0,0,2,0
2269,1,0,4,1,1,1,0,13,1
2269,1,0,4,1,1,1,0,9,0
2270,1,4,19,6,2,1,0,37,1
2270,1,5,20,8,2,1,0,39,0
2271,0,1,1,0,1,0,0,9,1
2271,0,0,4,0,0,0,0,7,0
2272,3,17,54,0,6,1,0,81,1
2272,3,17,54,0,6,1,0,81,0
2274,1,2,15,5,2,1,0,17,1
2274,1,2,16,5,2,1,0,17,0
2275,0,2,9,0,1,0,0,9,1
2275,0,2,10,0,1,0,0,9,0
2277,0,18,40,2,6,0,0,59,1
2277,0,17,39,2,6,0,0,56,0
2278,0,4,13,0,1,0,0,21,1
2278,0,5,16,0,1,0,0,31,0
2280,1,4,8,0,3,1,0,12,1
2280,1,3,6,0,3,1,0,10,0
2282,0,16,32,9,5,0,0,58,1
2282,0,16,31,9,5,0,0,58,0
2284,0,1,3,0,1,0,0,4,1
2284,0,1,4,0,1,0,0,4,0
2286,0,4,4,0,3,0,0,11,1
2286,0,5,5,0,4,0,0,13,0
2288,0,0,5,5,0,0,0,72,1
2288,0,0,5,5,0,0,0,72,0
2289,0,0,5,5,0,0,0,72,1
2289,0,0,5,5,0,0,0,72,0
2290,0,0,6,0,0,0,0,11,1
2290,0,0,6,0,0,0,0,11,0
2291,0,1,6,0,1,0,0,14,1
2291,0,1,7,0,1,0,0,14,0
2293,4,10,27,9,3,1,0,52,1
2293,4,10,27,9,3,1,0,52,0
2294,2,8,20,6,8,2,0,39,1
2294,2,8,19,6,8,2,0,39,0
2295,0,0,5,2,0,0,0,3,1
2295,0,0,6,2,0,0,0,3,0
2296,0,3,4,0,2,0,0,7,1
2296,0,3,4,0,2,0,0,7,0
2297,0,3,7,0,3,0,0,12,1
2297,0,3,7,0,3,0,0,12,0
2298,0,13,43,2,2,0,0,67,1
2298,0,14,43,2,3,0,0,68,0
2299,0,5,13,0,4,0,0,24,1
2299,0,5,13,0,4,0,0,24,0
2300,0,1,6,0,1,0,0,14,1
2300,0,1,7,0,1,0,0,18,0
2301,0,0,0,0,0,0,0,3,1
2301,0,0,0,0,0,0,0,3,0
2302,0,4,7,3,1,0,0,14,1
2302,0,4,10,3,1,0,0,15,0
2303,2,7,24,10,3,1,0,63,1
2303,2,7,24,10,3,1,0,63,0
2305,1,3,7,5,3,1,0,31,1
2305,1,3,7,5,3,1,0,31,0
2306,2,3,20,4,4,2,0,26,1
2306,2,3,20,4,4,2,0,26,0
2307,0,13,40,2,2,0,0,113,1
2307,0,12,38,2,2,0,0,111,0
2308,3,11,9,9,7,2,0,47,1
2308,3,12,8,8,7,2,0,47,0
2309,0,9,18,0,3,0,0,28,1
2309,0,9,18,0,3,0,0,27,0
2310,1,5,16,3,4,1,0,31,1
2310,1,6,18,4,4,1,0,34,0
2311,0,1,7,0,1,0,0,10,1
2311,0,1,6,0,1,0,0,9,0
2312,0,0,0,0,0,0,0,2,1
2312,0,0,0,0,0,0,0,2,0
2313,0,8,12,0,3,0,0,30,1
2313,0,7,8,0,3,0,0,27,0
2316,0,13,25,0,5,0,0,41,1
2316,0,13,25,0,5,0,0,41,0
2317,0,2,6,0,2,0,0,11,1
2317,0,1,3,0,1,0,0,7,0
2318,3,4,23,4,2,1,0,29,1
2318,3,4,22,4,2,1,0,28,0
2319,0,5,14,1,3,0,0,20,1
2319,0,5,13,1,3,0,0,20,0
2321,0,3,9,2,2,0,0,17,1
2321,0,3,9,2,2,0,0,17,0
2322,0,6,7,0,5,0,0,10,1
2322,0,6,8,0,5,0,0,10,0
2324,0,0,4,0,0,0,0,7,1
2324,0,0,4,0,0,0,0,6,0
2325,0,1,4,0,1,0,0,5,1
2325,0,1,5,0,1,0,0,5,0
2326,1,4,7,0,3,1,0,13,1
2326,1,4,7,0,3,1,0,13,0
2327,0,3,4,0,1,0,0,12,1
2327,0,3,4,0,1,0,0,11,0
2328,0,29,36,0,12,0,0,62,1
2328,0,30,41,0,12,0,0,66,0
2329,0,7,22,0,3,0,0,37,1
2329,0,7,22,0,3,0,0,37,0
2331,0,1,7,2,1,0,0,10,1
2331,0,1,7,2,1,0,0,10,0
2333,0,1,3,2,1,0,0,7,1
2333,0,1,3,2,1,0,0,7,0
2334,0,8,8,1,2,0,0,25,1
2334,0,8,8,1,2,0,0,25,0
2335,0,9,22,4,5,0,0,32,1
2335,0,9,22,4,5,0,0,32,0
2336,0,0,5,2,0,0,0,6,1
2336,0,0,4,1,0,0,0,6,0
2340,0,1,2,0,1,0,0,6,1
2340,0,1,2,0,1,0,0,6,0
2341,0,20,54,10,8,0,0,113,1
2341,0,20,50,8,8,0,0,105,0
2342,0,2,14,2,2,0,0,15,1
2342,0,2,15,2,2,0,0,15,0
2343,0,2,1,1,2,0,0,8,1
2343,0,2,1,1,2,0,0,8,0
2344,0,17,17,0,7,0,0,49,1
2344,0,17,17,0,7,0,0,48,0
2345,0,8,25,4,2,0,0,38,1
2345,0,8,24,4,2,0,0,41,0
2346,0,4,6,2,2,0,0,15,1
2346,0,4,6,2,2,0,0,15,0
2347,0,0,1,0,0,0,0,2,1
2347,0,0,1,0,0,0,0,3,0
2349,0,0,2,1,0,0,0,4,1
2349,0,0,2,1,0,0,0,4,0
2350,0,0,1,0,0,0,0,2,1
2350,0,0,1,0,0,0,0,2,0
2351,0,0,2,0,0,0,0,3,1
2351,0,0,2,0,0,0,0,3,0
2352,0,0,2,0,0,0,0,3,1
2352,0,0,2,0,0,0,0,3,0
2353,0,0,3,0,0,0,0,3,1
2353,0,0,3,0,0,0,0,3,0
2355,1,0,3,0,1,1,0,4,1
2355,1,0,3,0,1,1,0,4,0
2356,0,5,12,0,3,0,0,14,1
2356,0,5,12,0,3,0,0,14,0
2357,0,11,17,0,3,0,0,38,1
2357,0,11,17,0,3,0,0,37,0
2358,0,0,3,2,0,0,0,6,1
2358,0,0,3,1,0,0,0,6,0
2359,0,1,5,0,1,0,0,4,1
2359,0,1,4,0,1,0,0,4,0
2360,0,0,3,0,0,0,0,3,1
2360,0,0,3,0,0,0,0,3,0
2363,0,0,6,1,0,0,0,7,1
2363,0,0,6,1,0,0,0,7,0
2364,0,0,16,1,0,0,0,39,1
2364,0,0,16,1,0,0,0,39,0
2365,0,3,15,0,2,0,1,24,1
2365,0,3,15,0,2,0,1,24,0
2366,0,0,0,0,0,0,0,2,1
2366,0,0,0,0,0,0,0,2,0
2367,0,0,1,0,0,0,1,6,1
2367,0,0,1,0,0,0,1,6,0
2368,0,7,14,3,3,0,0,35,1
2368,1,8,16,4,3,1,0,39,0
2371,0,11,21,0,4,0,0,40,1
2371,0,11,21,0,4,0,0,40,0
2372,2,18,48,4,4,1,0,97,1
2372,2,18,49,4,4,1,0,97,0
2373,0,7,16,2,2,0,0,30,1
2373,0,7,17,2,2,0,0,30,0
2374,0,11,22,5,5,0,0,40,1
2374,0,11,22,5,5,0,0,40,0
2375,0,0,2,0,0,0,0,3,1
2375,0,0,2,0,0,0,0,3,0
2376,0,0,2,0,0,0,0,3,1
2376,0,0,2,0,0,0,0,3,0
2377,0,6,10,2,4,0,0,40,1
2377,0,6,10,2,4,0,0,40,0
2378,1,2,6,1,3,1,0,12,1
2378,1,2,5,1,3,1,0,11,0
2379,0,1,2,5,1,0,0,7,1
2379,0,1,2,5,1,0,0,7,0
2380,1,3,9,3,2,1,0,19,1
2380,1,3,9,3,2,1,0,19,0
2381,1,3,14,4,3,1,0,54,1
2381,1,3,14,4,3,1,0,54,0
2382,0,12,41,2,2,0,0,61,1
2382,0,12,41,2,2,0,0,61,0
2383,0,0,3,0,0,0,0,4,1
2383,0,0,3,0,0,0,0,3,0
2384,0,0,8,3,0,0,0,8,1
2384,0,0,9,3,0,0,0,8,0
2385,2,15,45,4,4,1,0,82,1
2385,2,15,45,4,4,1,0,82,0
2386,0,0,0,1,0,0,0,2,1
2386,0,0,0,1,0,0,0,2,0
2387,0,3,2,0,2,0,0,12,1
2387,0,3,1,0,2,0,0,12,0
2388,0,0,3,0,0,0,0,2,1
2388,0,0,3,0,0,0,0,2,0
2389,1,6,13,4,4,1,0,31,1
2389,1,5,9,4,4,1,0,23,0
2390,0,0,2,0,0,0,0,3,1
2390,0,0,2,0,0,0,0,6,0
2391,1,3,19,3,2,1,0,40,1
2391,1,3,19,3,2,1,0,40,0
2392,0,0,4,0,0,0,0,3,1
2392,0,0,4,0,0,0,0,3,0
2393,0,5,21,0,2,0,0,37,1
2393,0,6,22,0,2,0,0,42,0
2394,0,1,4,0,1,0,0,5,1
2394,0,1,4,0,1,0,0,5,0
2395,0,0,7,0,0,0,0,7,1
2395,0,0,7,0,0,0,0,7,0
2396,0,0,1,0,0,0,0,2,1
2396,0,0,1,0,0,0,0,2,0
2397,0,1,1,0,1,0,0,3,1
2397,0,1,1,0,1,0,0,3,0
2399,0,5,19,2,2,0,0,37,1
2399,0,5,19,2,2,0,0,37,0
2400,2,5,17,3,3,1,0,24,1
2400,2,4,16,3,3,1,0,23,0
2401,0,0,2,0,0,0,0,2,1
2401,0,0,2,0,0,0,0,3,0
2402,0,2,10,2,1,0,0,11,1
2402,0,2,9,2,1,0,0,11,0
2403,0,4,7,0,3,0,0,15,1
2403,0,4,8,0,3,0,0,16,0
2405,6,16,39,12,5,2,0,76,1
2405,6,16,40,12,5,2,0,77,0
2406,0,4,16,0,3,0,0,23,1
2406,0,4,16,0,3,0,0,23,0
2407,0,0,1,0,0,0,0,2,1
2407,0,0,1,0,0,0,0,3,0
2408,0,0,3,1,0,0,0,4,1
2408,0,0,2,1,0,0,0,4,0
2409,1,1,4,2,2,1,0,11,1
2409,1,1,4,1,2,1,0,11,0
2410,1,0,4,2,1,1,0,9,1
2410,1,0,3,2,1,1,0,9,0
2411,0,1,2,1,1,0,0,7,1
2411,0,0,2,1,0,0,0,5,0
2412,0,0,4,0,0,0,0,4,1
2412,0,0,2,0,0,0,0,3,0
2413,0,1,8,1,1,0,0,9,1
2413,0,1,6,1,1,0,0,8,0
2414,0,6,12,5,4,0,0,28,1
2414,0,6,12,5,4,0,0,28,0
2415,1,5,15,1,4,1,0,23,1
2415,1,5,15,1,4,1,0,23,0
2416,0,0,2,0,0,0,0,3,1
2416,0,0,2,0,0,0,0,3,0
2419,0,1,3,0,1,0,0,5,1
2419,0,1,3,0,1,0,0,5,0
2420,0,6,22,2,3,0,0,34,1
2420,0,7,23,2,4,0,0,37,0
2421,0,2,5,0,1,0,0,8,1
2421,0,2,4,2,1,0,0,8,0
2422,0,7,22,3,2,0,0,29,1
2422,0,6,17,3,1,0,0,26,0
2423,0,6,9,4,2,0,0,20,1
2423,0,6,10,4,2,0,0,20,0
2424,1,0,1,2,1,1,0,5,1
2424,1,0,1,2,1,1,0,5,0
2427,2,14,24,9,3,1,0,62,1
2427,2,14,24,9,3,1,0,64,0
2428,0,5,8,4,2,0,0,18,1
2428,0,5,7,4,2,0,0,19,0
2429,0,3,13,0,2,0,0,30,1
2429,0,4,14,1,2,0,0,32,0
2430,1,14,28,0,5,1,0,34,1
2430,1,14,29,0,5,1,0,34,0
2431,0,0,1,0,0,0,0,2,1
2431,0,0,1,0,0,0,0,2,0
2433,0,1,4,0,1,0,0,6,1
2433,0,1,4,0,1,0,0,6,0
2435,0,12,21,0,4,0,0,43,1
2435,0,12,23,0,4,0,0,43,0
2436,0,1,2,1,1,0,0,5,1
2436,0,1,3,0,1,0,0,5,0
2437,0,0,2,0,0,0,0,2,1
2437,0,0,2,0,0,0,0,3,0
2439,0,14,18,0,7,0,0,39,1
2439,0,14,18,0,7,0,0,40,0
2440,0,0,1,3,0,0,0,3,1
2440,0,0,1,3,0,0,1,3,0
2441,0,2,4,0,2,0,0,14,1
2441,0,2,4,0,2,0,0,14,0
2442,0,13,20,5,3,0,0,48,1
2442,0,15,23,5,3,0,0,52,0
2443,1,17,46,2,7,1,0,61,1
2443,1,17,45,2,7,1,0,60,0
2445,3,1,15,4,3,2,0,35,1
2445,3,1,14,11,3,2,0,26,0
2446,4,10,27,12,3,1,0,71,1
2446,4,10,27,12,3,1,0,73,0
2448,3,12,56,3,3,2,0,73,1
2448,3,13,57,5,4,2,0,73,0
2449,0,2,4,0,2,0,0,8,1
2449,0,2,4,0,2,0,0,8,0
2451,0,0,3,0,0,0,0,5,1
2451,0,0,5,0,0,0,0,5,0
2452,1,1,10,2,2,1,0,16,1
2452,1,0,9,0,1,1,0,12,0
2453,1,0,3,1,1,1,0,6,1
2453,1,0,3,1,1,1,0,6,0
2454,0,0,2,1,0,0,0,4,1
2454,0,0,3,0,0,0,0,4,0
2455,0,2,10,1,1,0,0,14,1
2455,0,2,10,1,1,0,0,14,0
2456,0,3,10,0,2,0,0,10,1
2456,0,3,10,0,2,0,0,13,0
2457,1,13,19,0,7,1,0,33,1
2457,1,12,18,0,7,1,0,31,0
2459,0,2,10,1,1,0,0,13,1
2459,0,1,9,1,1,0,0,10,0
2460,0,5,16,0,1,0,0,22,1
2460,0,5,16,1,1,0,0,22,0
2461,0,0,2,1,0,0,0,4,1
2461,0,0,3,0,0,0,0,4,0
2463,2,3,10,4,2,1,0,31,1
2463,2,1,8,3,2,1,0,21,0
2464,0,6,13,1,3,0,0,23,1
2464,0,6,14,1,3,0,0,23,0
2466,1,2,6,1,3,1,0,9,1
2466,1,2,4,1,3,1,0,9,0
2467,0,14,32,0,12,0,0,38,1
2467,0,14,33,0,12,0,0,39,0
2468,0,5,12,0,5,0,0,13,1
2468,0,5,14,0,5,0,0,13,0
2469,0,5,12,0,5,0,0,14,1
2469,0,5,14,0,5,0,1,14,0
2470,0,3,7,0,3,0,0,12,1
2470,0,3,7,0,3,0,0,12,0
2472,0,0,1,1,0,0,0,2,1
2472,0,0,2,0,0,0,0,3,0
2474,0,0,1,0,0,0,0,2,1
2474,0,0,2,0,0,0,0,3,0
2475,1,1,3,0,1,1,0,7,1
2475,1,0,2,0,1,1,0,4,0
2476,0,0,4,0,0,0,0,4,1
2476,0,0,3,0,0,0,0,4,0
2477,0,3,13,2,3,0,0,13,1
2477,0,1,6,0,1,0,0,7,0
2478,0,1,3,0,1,0,0,9,1
2478,0,0,3,0,0,0,0,4,0
2479,0,0,3,1,0,0,0,5,1
2479,0,0,4,0,0,0,0,5,0
2480,0,1,5,0,1,0,0,6,1
2480,0,1,5,0,1,0,0,6,0
2481,0,0,2,2,0,0,0,6,1
2481,0,0,2,2,0,0,0,7,0
2482,0,0,2,0,0,0,0,6,1
2482,0,0,2,0,0,0,0,6,0
2483,0,1,2,0,1,0,0,6,1
2483,0,1,2,0,1,0,0,6,0
2484,0,0,1,0,0,0,0,5,1
2484,0,0,1,0,0,0,0,5,0
2485,0,1,3,2,1,0,0,11,1
2485,0,0,3,1,0,0,0,8,0
2486,0,30,45,0,6,0,0,138,1
2486,0,27,42,0,5,0,0,130,0
2489,0,2,5,0,2,0,0,10,1
2489,0,2,8,0,2,0,0,11,0
2490,0,0,0,0,0,0,0,3,1
2490,2,8,31,9,4,1,0,48,0
2491,0,4,8,1,4,0,0,15,1
2491,0,3,9,0,3,0,0,15,0
2492,4,10,27,12,3,1,0,73,1
2492,4,10,27,12,3,1,0,65,0
2493,0,1,8,0,1,0,0,10,1
2493,0,1,8,0,1,0,0,10,0
2494,0,1,6,0,1,0,0,6,1
2494,0,2,8,0,2,0,0,9,0
2495,0,0,4,1,0,0,0,6,1
2495,0,0,4,1,0,0,0,5,0
2496,0,17,43,10,3,0,0,105,1
2496,0,17,44,13,3,0,0,108,0
2497,0,12,23,1,6,0,0,61,1
2497,0,12,23,1,6,0,0,60,0
2498,6,30,81,9,5,2,0,102,1
2498,6,30,82,9,5,2,0,103,0
2499,0,0,1,1,0,0,0,3,1
2499,0,0,1,1,0,0,0,3,0
2500,0,2,2,0,2,0,0,28,1
2500,0,2,2,0,2,0,0,24,0
2501,0,0,0,0,0,0,0,2,1
2501,0,0,0,0,0,0,0,2,0
2502,0,1,3,0,1,0,0,6,1
2502,0,1,3,0,1,0,0,6,0
2504,3,3,16,2,3,2,0,29,1
2504,3,3,16,2,3,2,0,29,0
2506,0,5,7,0,2,0,0,14,1
2506,0,5,7,0,2,0,0,14,0
2507,0,7,15,0,2,0,0,38,1
2507,0,7,15,0,2,0,0,38,0
2508,0,1,5,0,1,0,0,7,1
2508,0,1,4,0,1,0,0,6,0
2509,0,3,16,1,2,0,0,23,1
2509,0,3,17,1,2,0,0,24,0
2510,0,1,6,1,1,0,0,9,1
2510,0,1,6,1,1,0,0,9,0
2511,0,0,2,0,0,0,0,3,1
2511,0,0,1,0,0,0,0,2,0
2512,0,0,2,0,0,0,0,3,1
2512,0,0,2,0,0,0,0,3,0
2515,0,1,2,0,1,0,0,11,1
2515,0,1,2,0,1,0,0,11,0
2516,2,9,34,14,4,1,0,59,1
2516,2,9,34,14,4,1,0,59,0
2518,1,7,7,2,4,1,0,23,1
2518,1,7,7,2,4,1,0,24,0
2520,1,13,37,8,6,1,0,54,1
2520,1,13,37,8,6,1,0,54,0
2524,0,3,8,0,2,0,0,16,1
2524,0,3,7,0,2,0,0,16,0
2525,0,0,2,1,0,0,0,13,1
2525,0,0,2,1,0,0,0,12,0
2526,0,0,1,0,0,0,0,3,1
2526,0,0,1,0,0,0,0,3,0
2527,0,3,7,0,2,0,0,11,1
2527,0,3,7,0,2,0,0,11,0
2528,0,1,6,1,1,0,0,10,1
2528,0,1,8,1,1,0,0,12,0
2529,0,2,3,0,1,0,0,10,1
2529,0,2,3,0,1,0,0,10,0
2530,0,0,2,0,0,0,0,3,1
2530,0,0,2,0,0,0,0,3,0
2531,0,1,1,0,1,0,0,4,1
2531,0,1,1,0,1,0,0,4,0
2532,0,0,0,0,0,0,0,2,1
2532,0,0,0,0,0,0,0,2,0
2533,0,12,12,0,5,0,0,38,1
2533,0,12,12,0,5,0,0,38,0
2534,0,0,3,0,0,0,0,9,1
2534,0,0,3,0,0,0,0,8,0
2536,0,12,33,18,3,0,0,69,1
2536,0,12,33,18,3,0,0,69,0
2537,0,0,1,0,0,0,0,8,1
2537,0,0,1,0,0,0,0,8,0
2538,0,2,5,0,2,0,0,7,1
2538,0,2,5,0,2,0,0,7,0
2539,0,18,20,0,7,0,0,58,1
2539,0,18,20,0,7,0,0,58,0
2542,0,0,3,0,0,0,0,4,1
2542,0,0,3,0,0,0,0,4,0
2546,0,0,1,0,0,0,0,3,1
2546,0,0,1,1,0,0,0,4,0
2547,0,3,4,2,3,0,0,10,1
2547,0,3,4,2,3,0,0,10,0
2549,1,0,14,4,1,1,0,16,1
2549,1,0,13,4,1,1,0,16,0
2550,0,2,6,3,2,0,0,17,1
2550,0,2,6,2,2,0,0,17,0
2551,3,3,15,2,3,2,0,29,1
2551,3,2,13,2,3,2,0,26,0
2552,0,0,2,0,0,0,0,5,1
2552,0,0,2,0,0,0,0,5,0
2553,1,0,2,1,1,1,0,7,1
2553,1,0,2,1,1,1,0,7,0
2554,0,0,1,0,0,0,0,2,1
2554,0,0,1,0,0,0,0,2,0
2555,0,1,3,0,1,0,0,5,1
2555,0,1,3,0,1,0,0,5,0
2556,0,3,3,0,3,0,0,10,1
2556,0,3,3,0,3,0,0,10,0
2558,0,1,3,0,1,0,0,5,1
2558,0,0,2,0,0,0,0,4,0
2559,0,0,2,0,0,0,0,6,1
2559,0,0,4,0,0,0,0,6,0
2560,0,5,14,1,3,0,0,21,1
2560,0,5,12,1,3,0,0,21,0
2561,2,7,12,2,4,2,1,29,1
2561,2,7,12,2,5,2,1,29,0
2562,0,1,4,0,1,0,0,6,1
2562,0,1,5,0,1,0,0,6,0
2563,0,6,11,0,3,0,0,32,1
2563,0,6,11,0,3,0,0,32,0
2564,0,3,8,0,2,0,0,7,1
2564,0,2,5,0,1,0,0,5,0
2566,0,4,9,5,1,0,0,17,1
2566,0,4,10,5,1,0,0,19,0
2567,2,14,29,8,5,1,0,60,1
2567,2,14,29,8,5,1,0,60,0
2568,0,0,2,0,0,0,0,2,1
2568,0,4,5,0,4,0,0,10,0
2570,0,10,14,0,3,0,0,35,1
2570,0,10,14,0,3,0,0,36,0
2571,0,1,4,2,1,0,0,5,1
2571,0,1,4,2,1,0,0,5,0
2572,0,7,6,0,3,0,0,39,1
2572,0,7,6,0,3,0,0,40,0
2573,4,10,27,12,3,1,0,71,1
2573,4,10,27,12,3,1,0,73,0
2574,0,4,7,0,2,0,0,12,1
2574,0,4,7,0,2,0,0,12,0
2575,0,6,8,3,4,0,0,18,1
2575,0,6,8,3,4,0,0,18,0
2576,0,5,21,5,1,0,0,41,1
2576,0,5,23,5,1,0,0,42,0
2577,0,0,4,6,0,0,0,8,1
2577,0,0,4,6,0,0,0,8,0
2579,0,2,10,1,1,0,0,13,1
2579,0,2,7,1,1,0,0,11,0
2580,0,0,5,2,0,0,0,14,1
2580,0,0,5,2,0,0,0,14,0
2581,0,6,18,4,4,0,0,31,1
2581,0,6,18,4,4,0,0,29,0
2583,0,0,2,0,0,0,0,2,1
2583,0,0,2,0,0,0,0,3,0
2584,0,2,4,0,1,0,0,12,1
2584,0,2,4,0,1,0,0,13,0
2585,0,9,26,6,5,0,0,41,1
2585,0,9,26,6,5,0,0,41,0
2587,0,0,2,1,0,0,0,3,1
2587,0,0,2,1,0,0,0,3,0
2588,6,0,16,0,1,1,0,16,1
2588,6,0,16,0,1,1,0,16,0
2589,0,6,31,0,3,0,0,34,1
2589,0,6,32,0,3,0,0,35,0
2591,0,2,10,1,1,0,0,20,1
2591,0,2,10,1,1,0,0,20,0
2592,0,4,15,0,3,0,0,18,1
2592,0,2,5,0,1,0,0,9,0
2594,1,14,28,0,5,1,0,34,1
2594,1,14,29,0,5,1,0,34,0
2595,0,4,11,0,2,0,0,20,1
2595,0,4,13,0,2,0,0,22,0
2596,0,0,5,1,0,0,0,10,1
2596,0,0,5,1,0,0,0,10,0
2597,0,2,3,0,2,0,0,10,1
2597,0,2,3,1,2,0,0,10,0
2600,0,2,6,0,2,0,0,10,1
2600,0,2,6,0,2,0,0,8,0
2601,0,0,2,0,0,0,0,6,1
2601,0,0,2,0,0,0,0,6,0
2603,0,7,11,0,4,0,0,23,1
2603,0,7,11,0,4,0,0,23,0
2604,0,1,3,0,1,0,0,6,1
2604,0,1,3,0,1,0,0,6,0
2607,5,21,44,10,4,1,0,104,1
2607,5,21,44,10,4,1,0,104,0
2608,1,6,10,0,3,1,0,25,1
2608,1,5,9,0,3,1,0,22,0
2609,0,8,21,2,3,0,0,32,1
2609,0,8,21,2,3,0,0,32,0
2611,0,2,6,0,2,0,0,10,1
2611,0,2,6,0,2,0,0,10,0
2612,0,3,12,2,3,0,0,11,1
2612,0,3,12,2,3,0,0,11,0
2613,3,8,43,1,3,2,0,53,1
2613,3,8,45,2,3,2,0,54,0
2614,0,0,1,0,0,0,0,8,1
2614,0,1,2,0,1,0,0,8,0
2616,0,6,7,0,6,0,0,17,1
2616,0,7,9,0,6,0,0,19,0
2617,0,1,0,0,1,0,0,3,1
2617,0,0,0,0,0,0,0,2,0
2618,0,10,38,0,6,0,0,44,1
2618,0,10,38,0,6,0,0,45,0
2621,0,1,4,0,1,0,0,7,1
2621,0,1,4,0,1,0,0,9,0
2623,0,3,6,0,3,0,0,13,1
2623,0,2,4,0,2,0,0,9,0
2624,4,2,18,9,3,2,0,34,1
2624,0,1,6,0,1,0,0,9,0
2625,0,5,22,0,2,0,0,29,1
2625,0,5,21,0,2,0,0,31,0
2626,0,0,3,0,0,0,0,2,1
2626,0,0,5,0,0,0,0,3,0
2627,0,1,4,0,1,0,0,7,1
2627,0,0,3,0,0,0,0,4,0
2628,0,5,8,0,2,0,0,12,1
2628,0,6,9,0,5,0,0,14,0
2629,1,1,18,1,1,1,0,16,1
2629,0,1,6,0,1,0,0,8,0
2631,0,0,0,0,0,0,0,4,1
2631,0,0,0,0,0,0,0,4,0
2632,0,0,0,0,0,0,0,4,1
2632,0,0,0,0,0,0,0,4,0
2633,0,0,0,0,0,0,0,2,1
2633,0,0,0,0,0,0,0,2,0
2634,1,1,5,0,2,1,0,13,1
2634,1,1,5,0,2,1,0,13,0
2635,0,0,1,0,0,0,0,3,1
2635,0,0,1,0,0,0,0,3,0
2636,2,6,11,2,4,2,1,27,1
2636,2,7,12,2,4,2,1,29,0
2638,0,1,3,0,1,0,0,6,1
2638,0,3,5,0,2,0,0,10,0
2639,2,5,11,2,4,2,1,25,1
2639,2,6,11,2,4,2,1,27,0
2641,3,1,13,4,2,2,0,22,1
2641,3,1,13,4,2,2,0,22,0
2642,0,3,6,3,2,0,0,15,1
2642,0,6,11,4,3,0,0,26,0
2643,1,0,2,1,1,1,0,8,1
2643,1,0,2,1,1,1,0,8,0
2644,1,0,3,2,1,1,0,11,1
2644,1,0,3,2,1,1,0,11,0
2645,0,4,9,0,2,0,0,18,1
2645,0,6,11,1,3,0,0,20,0
2648,0,0,7,2,0,0,0,9,1
2648,0,1,8,1,1,0,0,10,0
2650,0,5,16,0,1,0,0,22,1
2650,0,5,16,0,1,0,0,22,0
2651,0,0,0,0,0,0,0,2,1
2651,0,0,0,0,0,0,0,2,0
2652,0,0,0,0,0,0,0,2,1
2652,0,0,0,0,0,0,0,2,0
2653,0,0,0,0,0,0,0,2,1
2653,0,0,0,0,0,0,0,2,0
2655,0,4,14,10,2,0,0,21,1
2655,0,5,14,11,3,0,0,22,0
2657,0,13,29,0,4,0,0,71,1
2657,0,14,38,0,4,0,0,82,0
2658,1,4,7,2,2,1,0,22,1
2658,1,5,8,2,3,1,0,24,0
2660,0,7,10,0,3,0,0,27,1
2660,0,7,12,0,3,0,0,27,0
2661,0,4,6,0,2,0,0,20,1
2661,0,4,8,0,2,0,0,20,0
2662,0,1,6,0,1,0,0,10,1
2662,0,2,7,0,1,0,0,11,0
2663,3,15,43,11,7,2,0,59,1
2663,3,16,45,11,7,2,0,61,0
2664,1,8,15,2,4,1,0,41,1
2664,1,9,20,2,4,1,0,43,0
2667,0,3,11,2,3,0,0,11,1
2667,0,3,11,2,3,0,0,11,0
2668,1,7,16,6,2,1,0,22,1
2668,1,8,14,4,2,1,0,22,0
2670,0,2,9,0,2,0,0,14,1
2670,0,2,9,0,2,0,0,14,0
2671,0,0,2,0,0,0,0,8,1
2671,0,0,2,0,0,0,0,6,0
2672,1,2,8,2,2,1,0,34,1
2672,1,2,8,1,2,1,0,32,0
2673,0,2,4,0,2,0,0,10,1
2673,0,2,4,0,2,0,0,11,0
2674,1,1,11,1,2,1,0,47,1
2674,1,1,11,1,2,1,0,50,0
2675,0,2,3,0,2,0,0,6,1
2675,0,2,3,0,2,0,0,6,0
2676,0,0,1,1,0,0,0,12,1
2676,0,0,1,1,0,0,0,10,0
2678,3,13,65,5,4,2,0,74,1
2678,4,14,67,5,4,2,0,77,0
2679,0,1,7,0,1,0,0,7,1
2679,0,1,7,0,1,0,0,7,0
2680,0,0,6,0,0,0,0,4,1
2680,0,1,6,0,1,0,0,5,0
2681,0,0,2,0,0,0,0,3,1
2681,0,0,2,0,0,0,0,3,0
2682,0,4,7,8,3,0,0,19,1
2682,0,5,7,8,4,0,0,21,0
2684,0,0,2,0,0,0,0,5,1
2684,0,0,2,0,0,0,0,5,0
2685,0,2,13,0,1,0,0,20,1
2685,0,4,17,0,3,0,0,28,0
2686,0,0,1,0,0,0,0,5,1
2686,0,1,2,0,1,0,0,7,0
2687,0,0,2,0,0,0,0,2,1
2687,0,1,3,0,1,0,0,4,0
2688,0,1,3,0,1,0,0,5,1
2688,0,1,3,0,1,0,0,5,0
2689,4,22,51,3,7,1,0,101,1
2689,4,24,51,3,7,1,0,106,0
2690,0,0,3,0,0,0,0,12,1
2690,0,0,3,0,0,0,0,16,0
2691,0,0,11,0,0,0,0,9,1
2691,0,0,11,0,0,0,0,9,0
2692,0,1,3,0,1,0,0,5,1
2692,0,1,3,0,1,0,0,5,0
2695,0,5,6,0,3,0,0,16,1
2695,0,5,6,0,3,0,0,16,0
2696,0,1,2,0,1,0,0,4,1
2696,0,1,2,0,1,0,0,4,0
2698,2,6,11,2,4,2,1,27,1
2698,2,6,11,2,4,2,1,27,0
2699,1,4,11,4,2,1,0,24,1
2699,1,5,11,4,2,1,0,26,0
2700,0,3,6,0,2,0,0,17,1
2700,0,4,8,0,3,0,0,26,0
2702,0,6,7,0,3,0,0,21,1
2702,0,7,8,0,3,0,0,23,0
2703,0,1,2,0,1,0,0,6,1
2703,0,1,2,0,1,0,0,6,0
2704,0,0,1,0,0,0,0,2,1
2704,0,0,1,0,0,0,0,2,0
2705,0,0,0,0,0,0,0,2,1
2705,0,0,0,0,0,0,0,2,0
2706,0,5,11,3,2,0,0,20,1
2706,0,6,12,3,3,0,0,23,0
2708,1,2,8,2,2,1,0,36,1
2708,1,2,8,2,2,1,0,37,0
2709,1,2,8,2,2,1,0,35,1
2709,1,2,8,2,2,1,0,36,0
2711,0,5,13,0,1,0,0,35,1
2711,0,5,16,0,1,0,0,36,0
2712,0,0,1,0,0,0,0,2,1
2712,0,0,1,0,0,0,0,2,0
2713,0,3,9,1,1,0,0,13,1
2713,0,1,5,0,1,0,0,6,0
2714,1,2,6,0,1,1,0,25,1
2714,1,3,7,0,1,1,0,29,0
2715,2,8,14,0,3,1,0,33,1
2715,2,10,14,0,3,1,0,37,0
2717,0,7,15,4,4,0,0,23,1
2717,0,7,15,4,4,0,0,23,0
2718,6,16,40,12,5,2,0,76,1
2718,6,17,41,12,5,2,0,78,0
2719,0,0,2,0,0,0,0,3,1
2719,0,0,2,0,0,0,0,5,0
2720,0,1,2,0,1,0,0,9,1
2720,0,3,6,0,2,0,0,13,0
2721,0,0,2,0,0,0,0,5,1
2721,0,0,2,0,0,0,0,5,0
2722,0,0,1,0,0,0,1,4,1
2722,0,0,1,0,0,0,1,5,0
2723,0,3,7,0,1,0,0,13,1
2723,0,3,7,0,1,0,0,13,0
2724,0,0,2,0,0,0,0,28,1
2724,0,0,2,9,0,0,0,30,0
2725,0,0,2,0,0,0,0,36,1
2725,0,0,2,13,0,0,0,38,0
2726,0,13,16,2,5,0,0,48,1
2726,0,14,18,2,5,0,0,51,0
2727,1,6,9,1,5,1,0,15,1
2727,1,6,9,1,5,1,0,15,0
2728,0,3,11,7,2,0,0,19,1
2728,0,3,11,7,2,0,0,21,0
2730,0,4,9,4,3,0,0,12,1
2730,0,4,9,3,3,0,0,13,0
2731,0,3,6,0,3,0,0,10,1
2731,0,4,6,0,3,0,0,13,0
2732,0,3,6,0,3,0,0,10,1
2732,0,4,6,0,3,0,0,13,0
2733,0,0,3,0,0,0,0,3,1
2733,0,1,5,0,1,0,0,6,0
2734,0,3,12,0,1,0,0,16,1
2734,0,4,11,0,2,0,0,10,0
2735,0,0,1,0,0,0,0,2,1
2735,0,0,1,0,0,0,0,2,0
2736,0,2,6,0,2,0,0,9,1
2736,0,2,6,0,2,0,0,10,0
2737,0,2,2,14,1,0,0,35,1
2737,0,1,2,14,1,0,0,34,0
2738,0,3,5,2,2,0,0,8,1
2738,0,3,5,4,2,0,0,8,0
2739,0,1,4,0,1,0,0,6,1
2739,0,0,2,0,0,0,0,3,0
2740,0,7,7,8,4,0,0,29,1
2740,0,7,7,8,4,0,0,35,0
2742,1,0,3,1,1,1,0,7,1
2742,1,0,4,1,1,1,0,11,0
2743,0,4,8,2,2,0,0,17,1
2743,0,4,8,3,3,0,0,17,0
2744,0,5,12,0,4,0,0,24,1
2744,0,4,10,0,4,0,0,22,0
2745,0,0,3,0,0,0,0,9,1
2745,0,0,4,1,0,0,0,10,0
2746,0,18,31,0,4,0,0,80,1
2746,0,18,31,0,4,0,0,80,0
2747,0,1,3,2,1,0,0,4,1
2747,0,2,4,2,1,0,0,6,0
2749,0,0,0,0,0,0,0,2,1
2749,0,0,0,0,0,0,0,2,0
2751,0,5,18,4,2,0,0,30,1
2751,0,5,18,4,2,0,0,30,0
2752,0,3,5,0,2,0,0,13,1
2752,0,3,7,0,2,0,0,14,0
2753,0,1,2,0,1,0,0,4,1
2753,0,1,3,0,1,0,0,4,0
2754,0,3,4,0,3,0,0,11,1
2754,0,4,5,0,4,0,0,15,0
2755,0,4,5,5,1,0,0,19,1
2755,0,4,5,5,1,0,0,19,0
2757,0,2,9,2,1,0,0,24,1
2757,0,3,10,2,1,0,0,26,0
2759,0,2,4,0,2,0,0,10,1
2759,0,2,4,0,2,0,0,10,0
2760,2,6,23,10,3,1,0,60,1
2760,2,6,23,10,3,1,0,60,0
2761,0,3,3,0,2,0,0,8,1
2761,0,4,6,0,3,0,0,12,0
2764,0,4,15,0,2,0,0,29,1
2764,0,6,20,0,3,0,0,40,0
2766,0,0,6,2,0,0,0,16,1
2766,0,0,6,2,0,0,0,18,0
2768,0,0,2,0,0,0,0,3,1
2768,0,0,2,0,0,0,0,3,0
2769,0,2,3,0,2,0,0,11,1
2769,0,2,3,0,2,0,0,11,0
2770,0,0,0,0,0,0,0,10,1
2770,0,0,1,0,0,0,0,13,0
2771,0,1,6,0,1,0,0,9,1
2771,0,3,7,1,2,0,0,14,0
2772,0,0,2,0,0,0,0,5,1
2772,0,1,5,0,1,0,0,8,0
2774,0,0,2,0,0,0,0,2,1
2774,0,0,2,0,0,0,0,2,0
2775,0,0,10,2,0,0,0,11,1
2775,0,1,16,1,1,0,0,15,0
2776,0,9,17,1,4,0,0,31,1
2776,0,9,18,1,4,0,0,35,0
2777,0,0,4,1,0,0,0,10,1
2777,0,0,4,1,0,0,0,13,0
2778,0,21,47,0,5,0,1,100,1
2778,0,21,47,0,5,0,1,100,0
2779,0,0,4,13,0,0,0,13,1
2779,0,0,4,15,0,0,0,18,0
2780,0,0,9,1,0,0,0,9,1
2780,0,0,9,1,0,0,0,9,0
2782,0,10,53,0,7,0,0,54,1
2782,0,11,55,0,7,0,0,57,0
2783,0,2,3,1,1,0,0,12,1
2783,0,4,7,1,3,0,0,17,0
2785,0,0,3,0,0,0,0,3,1
2785,0,1,4,0,1,0,0,5,0
2787,0,0,3,0,0,0,0,4,1
2787,0,1,4,0,1,0,0,7,0
2788,0,10,25,6,3,0,0,40,1
2788,0,10,25,6,3,0,0,40,0
2789,0,1,9,3,1,0,0,12,1
2789,0,1,9,3,1,0,0,12,0
2790,0,0,3,0,0,0,0,4,1
2790,0,1,5,0,1,0,0,6,0
2792,0,0,1,0,0,0,0,2,1
2792,0,1,2,0,1,0,0,5,0
2793,0,5,30,0,5,0,0,23,1
2793,0,6,35,0,6,0,0,26,0
2794,0,0,2,0,0,0,0,15,1
2794,0,0,2,0,0,0,0,17,0
2797,0,9,0,0,1,0,0,22,1
2797,0,10,0,0,1,0,0,25,0
2799,0,0,1,0,0,0,0,2,1
2799,0,0,1,0,0,0,0,2,0
2800,7,32,91,11,5,2,0,121,1
2800,7,33,94,12,5,2,0,125,0
2801,0,1,3,0,1,0,0,4,1
2801,0,2,6,0,2,0,0,6,0
2802,0,3,10,1,2,0,0,15,1
2802,0,4,11,1,2,0,0,18,0
2803,0,4,10,0,3,0,0,11,1
2803,0,5,12,0,5,0,0,13,0
2804,0,4,10,0,3,0,0,12,1
2804,0,5,12,0,5,0,0,14,0
2805,1,30,69,11,5,1,0,142,1
2805,1,30,69,11,5,1,0,144,0
2806,3,2,8,4,1,1,0,21,1
2806,3,2,8,4,1,1,0,21,0
2807,0,3,9,1,2,0,0,19,1
2807,0,3,9,1,2,0,0,18,0
2808,0,0,1,0,0,0,0,2,1
2808,0,0,1,0,0,0,0,2,0
2809,0,3,7,1,2,0,0,11,1
2809,0,4,10,1,3,0,0,14,0
2810,0,3,8,0,2,0,0,12,1
2810,0,4,11,0,2,0,0,14,0
2812,0,1,5,0,1,0,0,7,1
2812,0,2,6,0,2,0,0,11,0
2813,0,0,1,0,0,0,0,6,1
2813,0,0,1,0,0,0,0,6,0
2814,0,0,5,0,0,0,0,8,1
2814,0,0,5,0,0,0,0,8,0
2815,0,1,3,0,1,0,0,4,1
2815,0,1,3,0,1,0,0,4,0
2816,1,1,6,2,1,1,0,17,1
2816,2,3,9,4,3,2,0,24,0
2817,3,1,23,1,3,2,0,21,1
2817,3,2,24,1,3,2,0,25,0
2819,0,5,8,3,2,0,0,17,1
2819,0,5,8,3,2,0,0,17,0
2820,0,4,7,1,4,0,0,16,1
2820,0,4,9,1,4,0,0,21,0
2821,0,0,3,0,0,0,0,6,1
2821,0,1,5,0,1,0,0,9,0
2822,0,0,2,0,0,0,0,3,1
2822,0,0,2,0,0,0,0,6,0
2823,0,9,13,0,4,0,0,30,1
2823,0,9,13,0,4,0,0,30,0
2824,0,0,0,0,0,0,0,2,1
2824,0,1,0,0,1,0,0,5,0
2826,0,0,1,0,0,0,1,8,1
2826,0,0,1,0,0,0,1,8,0
2827,2,17,47,4,4,1,0,91,1
2827,2,18,48,4,4,1,0,95,0
2828,0,2,4,0,2,0,0,7,1
2828,0,2,4,0,2,0,0,7,0
2829,0,7,24,0,5,0,1,57,1
2829,0,7,24,0,5,0,1,60,0
2830,0,0,3,0,0,0,0,4,1
2830,0,1,3,0,1,0,0,6,0
2831,1,0,3,1,1,1,0,6,1
2831,1,0,3,1,1,1,0,7,0
2832,0,0,1,0,0,0,0,5,1
2832,0,2,8,1,2,0,0,17,0
2833,0,0,2,0,0,0,0,4,1
2833,0,0,2,0,0,0,0,5,0
2834,0,2,3,0,2,0,0,11,1
2834,0,2,3,0,2,0,0,11,0
2835,0,2,5,3,1,0,0,13,1
2835,0,2,9,3,1,0,0,15,0
2836,0,8,22,2,3,0,0,42,1
2836,0,9,25,2,4,0,0,45,0
2837,0,0,1,0,0,0,0,2,1
2837,0,0,1,0,0,0,0,2,0
2838,0,3,12,0,1,0,0,16,1
2838,0,5,18,0,2,0,0,21,0
2839,1,3,14,4,3,1,0,26,1
2839,1,3,13,4,3,1,0,27,0
2840,0,1,2,0,1,0,0,6,1
2840,0,1,2,0,1,0,0,6,0
2843,2,2,10,3,2,1,0,22,1
2843,2,3,8,4,2,1,0,23,0
2845,1,2,11,0,2,1,0,25,1
2845,1,3,11,0,3,1,0,26,0
2846,0,0,3,0,0,0,0,4,1
2846,0,1,3,0,1,0,0,5,0
2847,0,4,13,3,3,0,0,23,1
2847,1,5,15,7,3,1,0,27,0
2848,0,3,5,0,2,0,0,11,1
2848,0,4,5,0,2,0,0,13,0
2849,1,10,17,1,4,1,0,36,1
2849,1,9,16,1,4,1,0,33,0
2850,0,1,5,0,1,0,0,4,1
2850,0,1,5,0,1,0,0,5,0
2851,0,1,5,2,1,0,0,7,1
2851,0,2,9,2,1,0,0,11,0
2852,0,14,18,0,7,0,0,40,1
2852,0,16,20,0,7,0,0,44,0
2853,0,3,6,0,3,0,0,10,1
2853,0,4,6,0,3,0,0,13,0
2854,0,3,6,0,3,0,0,10,1
2854,0,4,6,0,3,0,0,13,0
2856,0,2,5,0,2,0,0,10,1
2856,0,4,6,1,2,0,0,14,0
2857,0,1,4,0,1,0,0,10,1
2857,0,1,4,0,1,0,0,10,0
2858,1,0,9,3,1,1,0,11,1
2858,2,1,12,6,3,2,0,17,0
2860,3,11,18,5,4,1,0,37,1
2860,3,13,20,5,4,1,0,42,0
2861,0,0,2,0,0,0,0,3,1
2861,0,0,2,0,0,0,0,4,0
2862,0,2,7,0,1,0,0,9,1
2862,0,2,7,0,1,0,0,9,0
2863,0,0,1,0,0,0,0,3,1
2863,0,0,1,0,0,0,0,3,0
2864,0,0,2,0,0,0,0,3,1
2864,0,0,2,0,0,0,0,3,0
2865,0,7,33,2,6,0,0,39,1
2865,0,7,33,2,6,0,0,41,0
2866,1,5,11,1,4,1,0,18,1
2866,1,6,11,1,4,1,0,21,0
2867,0,3,9,0,1,0,0,10,1
2867,0,3,9,0,1,0,0,10,0
2868,0,11,55,0,7,0,0,62,1
2868,0,13,65,0,8,0,0,72,0
2870,0,1,6,2,1,0,0,11,1
2870,0,1,7,2,1,0,0,15,0
2871,1,4,8,4,4,1,0,21,1
2871,1,5,9,4,4,1,0,26,0
2872,0,0,1,0,0,0,0,3,1
2872,0,0,2,0,0,0,0,4,0
2873,0,10,44,0,3,0,0,48,1
2873,0,11,48,1,3,0,0,55,0
2874,0,0,3,0,0,0,0,5,1
2874,0,0,3,4,0,0,0,18,0
2876,0,2,7,0,2,0,0,13,1
2876,0,2,7,0,2,0,0,14,0
2877,0,2,4,0,1,0,0,20,1
2877,0,2,4,0,1,0,0,21,0
2878,0,7,19,0,3,0,0,22,1
2878,0,8,21,0,3,0,0,26,0
2879,0,1,3,0,1,0,0,11,1
2879,0,1,3,0,1,0,0,12,0
2880,2,12,29,3,3,1,0,62,1
2880,2,17,34,3,3,1,0,73,0
2881,1,8,12,2,4,1,0,28,1
2881,1,9,14,2,4,1,0,30,0
2882,0,18,20,0,7,0,0,58,1
2882,0,21,22,0,7,0,0,70,0
2883,0,0,1,1,0,0,0,10,1
2883,0,0,1,1,0,0,0,12,0
2884,0,3,7,0,2,0,0,20,1
2884,0,3,7,0,2,0,0,20,0
2886,0,0,1,0,0,0,0,3,1
2886,0,0,1,0,0,0,0,3,0
2887,0,0,2,0,0,0,0,12,1
2887,0,0,2,0,0,0,0,12,0
2888,0,0,1,0,0,0,0,5,1
2888,0,0,1,0,0,0,0,5,0
2890,0,4,5,0,2,0,0,13,1
2890,0,4,6,0,2,0,0,13,0
2893,1,10,19,5,5,1,0,30,1
2893,1,10,19,5,5,1,0,30,0
2894,0,0,2,0,0,0,0,2,1
2894,0,0,4,0,0,0,0,4,0
2895,0,6,13,0,4,0,0,24,1
2895,0,7,17,0,4,0,0,27,0
2896,0,18,33,4,8,0,0,75,1
2896,0,18,33,4,8,0,0,75,0
2897,0,17,30,3,5,0,0,76,1
2897,0,18,31,3,5,0,0,81,0
2899,0,19,22,0,7,0,0,44,1
2899,0,20,23,0,7,0,0,46,0
2900,1,23,27,5,5,1,0,68,1
2900,1,23,28,5,5,1,0,68,0
2901,0,6,13,0,4,0,0,21,1
2901,0,6,14,0,4,0,0,21,0
2903,0,1,11,4,1,0,0,24,1
2903,0,1,12,5,1,0,0,26,0
2906,0,17,40,2,6,0,0,57,1
2906,0,17,41,2,6,0,0,57,0
2907,0,26,32,0,5,0,0,94,1
2907,0,27,35,0,5,0,0,99,0
2909,0,6,28,0,6,0,0,28,1
2909,0,8,36,0,6,0,0,34,0
2910,0,0,1,0,0,0,0,3,1
2910,0,1,2,0,1,0,0,4,0
2911,0,1,5,1,1,0,0,8,1
2911,0,2,5,2,2,0,0,10,0
2912,0,6,11,0,5,0,0,23,1
2912,0,7,11,0,5,0,0,25,0
2913,0,3,4,0,2,0,0,16,1
2913,0,4,5,0,2,0,0,20,0
2914,0,6,12,2,4,0,0,39,1
2914,0,8,18,2,4,0,0,43,0
2915,0,9,37,0,7,0,0,37,1
2915,0,10,39,0,7,0,0,39,0
2916,0,7,17,4,4,0,0,31,1
2916,0,9,19,4,4,0,0,35,0
2917,0,2,3,0,1,0,0,9,1
2917,0,3,5,0,1,0,0,11,0
2918,1,5,9,4,4,1,0,23,1
2918,1,5,9,4,4,1,0,23,0
2919,0,3,5,1,1,0,0,10,1
2919,0,4,7,1,2,0,0,12,0
2920,0,1,3,0,1,0,0,7,1
2920,0,4,8,0,3,0,0,15,0
2921,0,5,9,2,3,0,0,12,1
2921,0,5,10,2,3,0,0,12,0
2922,0,15,23,5,3,0,0,52,1
2922,0,16,27,6,4,0,0,60,0
2923,0,0,1,0,0,0,0,3,1
2923,0,0,2,0,0,0,0,3,0
2924,0,0,2,0,0,0,0,2,1
2924,1,1,1,0,2,1,0,5,0
2925,0,3,6,0,1,0,0,15,1
2925,0,3,6,0,1,0,0,15,0
2926,1,1,4,0,2,1,0,5,1
2926,1,0,2,0,1,1,0,3,0
2927,5,29,58,8,5,2,0,112,1
2927,5,30,62,9,5,2,0,116,0
2928,0,4,6,1,2,0,0,14,1
2928,0,5,6,1,2,0,0,15,0
2929,0,2,5,1,1,0,0,7,1
2929,0,2,5,1,1,0,0,7,0
2930,0,7,6,0,6,0,0,14,1
2930,0,7,9,0,6,0,0,17,0
2931,3,3,12,1,2,1,0,29,1
2931,3,5,14,2,2,1,0,31,0
2932,1,4,14,5,2,1,0,18,1
2932,1,5,16,5,2,1,0,20,0
2933,0,4,7,0,4,0,0,11,1
2933,0,4,7,0,4,0,0,11,0
2934,0,4,9,0,4,0,0,12,1
2934,0,4,9,0,4,0,0,12,0
2935,0,6,9,2,1,0,0,18,1
2935,0,6,11,2,1,0,0,20,0
2936,0,0,1,0,0,0,0,5,1
2936,0,0,1,0,0,0,0,5,0
2938,4,10,43,17,3,2,0,79,1
2938,4,10,43,17,3,2,0,79,0
2939,0,6,9,0,5,0,0,10,1
2939,0,7,11,0,5,0,0,12,0
2940,0,7,16,0,7,0,0,17,1
2940,0,7,16,0,7,0,0,17,0
2941,0,0,2,0,0,0,0,3,1
2941,0,0,2,0,0,0,0,3,0
2943,0,1,4,0,1,0,0,5,1
2943,0,4,5,1,2,0,0,15,0
2944,0,0,4,0,0,0,0,7,1
2944,0,0,4,0,0,0,0,7,0
2945,0,0,1,0,0,0,0,2,1
2945,0,1,2,0,1,0,0,4,0
2946,1,9,14,8,5,1,0,35,1
2946,1,9,15,8,5,1,0,35,0
2948,0,0,2,0,0,0,0,3,1
2948,0,0,2,0,0,0,0,3,0
2949,0,0,2,0,0,0,0,3,1
2949,0,0,2,0,0,0,0,3,0
2950,0,3,7,0,2,0,0,13,1
2950,0,3,7,0,2,0,0,13,0
2951,0,18,39,0,4,0,0,71,1
2951,0,18,40,0,4,0,0,75,0
2954,0,0,1,0,0,0,0,4,1
2954,0,1,2,0,1,0,0,5,0
2955,0,9,15,1,4,0,0,26,1
2955,0,10,17,1,4,0,0,28,0
2956,0,6,19,1,6,0,0,23,1
2956,0,7,21,1,7,0,0,25,0
2957,0,8,24,1,3,0,0,42,1
2957,0,10,24,1,5,0,0,45,0
2958,2,14,40,10,6,1,0,58,1
2958,2,15,41,10,6,1,0,60,0
2959,0,6,22,4,2,0,0,45,1
2959,0,7,22,4,2,0,0,48,0
2961,0,1,4,0,1,0,0,5,1
2961,0,2,4,1,1,0,0,7,0
2962,0,1,2,2,1,0,0,6,1
2962,0,2,4,2,2,0,0,9,0
2963,0,1,1,0,1,0,0,5,1
2963,0,1,2,0,1,0,0,5,0
2964,0,2,3,0,2,0,0,11,1
2964,0,4,7,0,2,0,0,16,0
2965,1,13,34,1,3,1,0,61,1
2965,1,15,36,1,4,1,0,63,0
2966,0,4,11,1,3,0,0,13,1
2966,0,6,17,1,4,0,0,19,0
2967,0,2,3,0,1,0,0,18,1
2967,0,3,6,0,1,0,0,20,0
2968,0,2,2,0,1,0,0,7,1
2968,0,3,3,0,3,0,0,9,0
2969,0,7,16,3,4,0,0,28,1
2969,0,8,16,4,4,0,0,33,0
2970,2,1,12,9,2,2,0,20,1
2970,2,2,12,7,2,2,0,22,0
2971,0,8,19,3,3,0,0,40,1
2971,0,10,22,3,3,0,0,45,0
2972,0,0,3,0,0,0,0,7,1
2972,0,1,5,0,1,0,0,10,0
2973,0,3,6,0,2,0,0,15,1
2973,0,4,8,0,2,0,0,19,0
2974,0,4,5,0,3,0,0,14,1
2974,0,5,9,0,4,0,0,19,0
2975,0,1,5,0,1,0,0,7,1
2975,0,2,6,0,1,0,0,10,0
2976,0,4,13,0,3,0,0,17,1
2976,0,5,14,0,3,0,0,19,0
2977,1,8,18,1,3,1,0,32,1
2977,1,8,18,1,3,1,0,32,0
2978,0,2,4,0,2,0,0,9,1
2978,0,3,6,0,3,0,0,11,0
2979,0,2,4,0,1,0,0,6,1
2979,0,4,8,1,2,0,0,9,0
2980,1,9,21,2,5,1,0,35,1
2980,1,11,23,2,6,1,0,37,0
2982,0,2,4,4,2,0,0,9,1
2982,0,4,5,5,3,0,0,13,0
2983,0,6,2,18,1,0,0,37,1
2983,0,7,3,18,1,0,0,39,0
2986,1,3,15,3,2,1,0,31,1
2986,1,4,16,3,2,1,0,34,0
2989,0,2,7,1,2,0,0,13,1
2989,0,4,11,1,3,0,0,19,0
2991,0,3,25,10,2,0,0,29,1
2991,0,4,27,11,2,0,0,31,0
2992,0,4,13,0,2,0,0,21,1
2992,0,4,13,0,2,0,0,21,0
2993,0,12,28,3,4,0,0,60,1
2993,0,13,29,3,4,0,0,62,0
2994,0,3,4,0,1,0,0,11,1
2994,0,5,6,0,2,0,0,23,0
2995,0,9,17,0,4,0,0,31,1
2995,0,10,20,1,4,0,0,35,0
2996,0,5,14,11,3,0,0,25,1
2996,0,4,9,11,3,0,0,23,0
2997,0,37,67,0,12,0,0,96,1
2997,0,38,70,0,12,0,0,98,0
2998,0,15,30,0,7,0,0,64,1
2998,0,16,32,0,8,0,0,78,0
2999,0,1,5,0,1,0,0,6,1
2999,0,3,9,0,2,0,0,14,0
3000,0,1,3,0,1,0,0,5,1
3000,0,2,5,0,2,0,0,7,0
3001,1,5,9,0,3,1,0,21,1
3001,1,6,11,0,3,1,0,24,0
3002,0,4,9,0,4,0,0,17,1
3002,0,4,9,0,4,0,0,18,0
3003,2,5,11,2,4,2,1,25,1
3003,2,6,11,2,4,2,1,27,0
3005,0,4,10,0,3,0,0,15,1
3005,0,4,10,0,3,0,0,15,0
3006,0,0,10,0,0,0,0,7,1
3006,0,1,12,0,1,0,0,9,0
3007,0,2,5,0,1,0,0,14,1
3007,0,3,6,0,2,0,0,23,0
3008,0,1,3,1,1,0,0,6,1
3008,0,2,5,1,1,0,0,9,0
3009,1,0,9,2,1,1,0,12,1
3009,2,1,14,5,2,1,0,20,0
3010,0,2,9,5,1,0,0,16,1
3010,0,2,9,5,1,0,0,16,0
3012,0,1,4,0,1,0,0,6,1
3012,0,2,6,0,1,0,0,9,0
3013,0,3,6,1,3,0,0,14,1
3013,0,4,7,1,4,0,0,16,0
3014,5,21,44,10,4,1,0,104,1
3014,5,21,45,11,4,1,0,106,0
3015,0,5,20,0,3,0,0,25,1
3015,0,5,21,0,3,0,0,28,0
3016,0,1,4,0,1,0,0,4,1
3016,0,2,6,0,1,0,0,6,0
3017,0,7,18,2,4,0,0,31,1
3017,0,6,17,2,4,0,0,29,0
3019,0,1,0,0,1,0,0,4,1
3019,0,1,0,0,1,0,0,4,0
3020,0,6,36,0,2,0,0,49,1
3020,0,6,36,0,2,0,0,49,0
3021,1,1,5,1,1,1,0,7,1
3021,1,2,8,3,2,1,0,13,0
3022,0,1,2,1,1,0,0,4,1
3022,0,1,2,1,1,0,0,5,0
3024,0,3,8,0,2,0,0,26,1
3024,0,4,9,0,3,0,0,28,0
3025,1,6,9,5,2,1,0,26,1
3025,3,11,17,5,4,1,0,36,0
3027,0,0,1,1,0,0,0,10,1
3027,0,1,1,1,1,0,0,8,0
3028,0,1,3,0,1,0,0,5,1
3028,0,2,4,0,2,0,0,7,0
3029,0,0,2,0,0,0,0,3,1
3029,0,0,3,0,0,0,0,4,0
3030,0,0,3,0,0,0,0,3,1
3030,0,1,3,0,1,0,0,7,0
3031,1,15,34,5,4,1,0,52,1
3031,1,16,39,7,4,1,0,56,0
3032,0,3,12,2,3,0,0,10,1
3032,0,4,17,3,4,0,0,14,0
3033,0,1,3,0,1,0,0,4,1
3033,0,1,3,0,1,0,0,4,0
3034,0,0,1,0,0,0,0,2,1
3034,0,0,1,0,0,0,0,2,0
3035,0,0,3,0,0,0,0,6,1
3035,0,1,3,0,1,0,0,8,0
3036,0,12,13,1,8,0,0,37,1
3036,0,13,14,1,8,0,0,39,0
3037,1,1,9,4,2,1,0,16,1
3037,1,1,9,4,2,1,0,16,0
3038,1,1,9,1,1,1,0,11,1
3038,1,1,9,1,1,1,0,12,0
3039,0,11,17,0,3,0,0,38,1
3039,0,11,17,0,3,0,0,38,0
3040,2,11,29,4,3,1,0,50,1
3040,2,12,31,4,3,1,0,55,0
3041,0,3,6,0,1,0,0,17,1
3041,0,5,11,0,2,0,0,22,0
3042,2,0,13,7,2,2,0,17,1
3042,2,0,13,7,2,2,0,17,0
3043,0,2,3,0,2,0,0,5,1
3043,0,3,3,0,2,0,0,8,0
3045,0,8,24,4,2,0,0,41,1
3045,0,8,25,4,2,0,0,43,0
3046,1,4,14,5,3,1,0,22,1
3046,1,5,15,8,3,1,0,25,0
3049,1,0,4,0,1,1,0,6,1
3049,1,0,4,0,1,1,0,6,0
3050,0,0,1,0,0,0,0,2,1
3050,0,0,1,0,0,0,0,2,0
3051,0,4,8,1,2,0,0,20,1
3051,0,5,10,1,2,0,0,22,0
3052,1,3,10,1,3,1,0,17,1
3052,1,4,13,1,3,1,0,20,0
3053,0,0,1,1,0,0,0,2,1
3053,0,2,3,1,2,0,0,11,0
3054,0,1,4,2,1,0,0,11,1
3054,0,1,4,2,1,0,0,11,0
3055,0,1,12,0,1,0,0,21,1
3055,0,1,9,0,1,0,0,20,0
3056,0,7,13,0,3,0,0,23,1
3056,0,8,14,1,4,0,0,26,0
3057,0,31,46,0,12,0,0,75,1
3057,0,32,48,0,12,0,0,79,0
3058,0,0,1,0,0,0,0,2,1
3058,0,1,3,0,1,0,0,5,0
3060,0,0,0,0,0,0,0,2,1
3060,0,0,0,0,0,0,0,2,0
3063,0,0,1,0,0,0,0,6,1
3063,0,0,1,0,0,0,0,6,0
3064,0,0,1,0,0,0,0,2,1
3064,0,0,1,0,0,0,0,2,0
3065,0,0,1,0,0,0,0,2,1
3065,0,0,1,0,0,0,0,2,0
3066,0,0,0,0,0,0,0,2,1
3066,0,0,0,0,0,0,0,2,0
3067,0,0,1,0,0,0,0,2,1
3067,0,0,1,0,0,0,0,2,0
3068,0,0,2,0,0,0,0,3,1
3068,0,0,2,0,0,0,0,3,0
3069,0,0,1,0,0,0,0,2,1
3069,0,0,1,0,0,0,0,3,0
3070,0,0,1,0,0,0,0,2,1
3070,0,0,1,0,0,0,0,2,0
3071,0,0,1,0,0,0,0,2,1
3071,0,0,1,0,0,0,0,2,0
3072,0,0,1,0,0,0,0,2,1
3072,0,0,1,0,0,0,0,2,0
3074,0,6,10,1,3,0,0,23,1
3074,0,6,10,1,3,0,0,23,0
3075,1,2,5,0,1,1,0,10,1
3075,1,3,5,0,2,1,0,11,0
3078,0,0,1,0,0,0,0,2,1
3078,0,0,1,0,0,0,0,2,0
3080,0,2,14,0,1,0,0,17,1
3080,0,1,13,0,1,0,0,15,0
3081,0,1,2,0,1,0,0,5,1
3081,0,2,4,0,2,0,0,9,0
3082,0,1,3,0,1,0,0,6,1
3082,0,4,4,0,4,0,0,11,0
3083,0,1,6,0,1,0,0,7,1
3083,0,1,8,0,1,0,0,9,0
3084,0,2,5,0,2,0,0,9,1
3084,0,2,6,0,1,0,0,9,0
3085,0,11,24,4,3,0,0,49,1
3085,0,11,25,4,3,0,0,50,0
3086,2,7,17,1,5,1,0,32,1
3086,2,8,18,1,5,1,0,34,0
3087,0,3,9,0,1,0,0,59,1
3087,0,5,10,0,2,0,0,65,0
3088,0,3,7,1,2,0,0,42,1
3088,0,3,7,1,2,0,0,42,0
3090,0,0,0,0,0,0,0,2,1
3090,0,0,3,0,0,0,0,4,0
3091,3,13,28,1,6,1,0,52,1
3091,4,22,51,3,7,1,0,101,0
3092,0,1,2,0,1,0,0,6,1
3092,0,2,4,0,1,0,0,10,0
3093,0,32,44,2,4,0,0,106,1
3093,0,33,46,2,4,0,0,108,0
3095,0,27,57,2,5,0,0,88,1
3095,0,28,57,2,5,0,0,85,0
3096,0,1,5,0,1,0,0,6,1
3096,0,4,15,0,3,0,0,18,0
3097,0,0,3,1,0,0,0,3,1
3097,0,2,5,1,2,0,0,8,0
3099,0,4,6,3,2,0,0,12,1
3099,1,10,26,3,5,1,0,36,0
3100,0,2,6,0,2,0,0,10,1
3100,0,5,6,0,3,0,0,16,0
3101,5,40,124,34,7,1,0,179,1
3101,6,41,128,34,7,1,0,181,0
3103,0,4,2,0,1,0,0,13,1
3103,0,5,3,0,1,0,0,18,0
3104,0,8,15,0,3,0,0,30,1
3104,0,9,17,1,3,0,0,33,0
3105,1,5,17,1,2,1,0,19,1
3105,1,6,20,5,2,1,0,29,0
3106,1,6,10,6,4,1,0,26,1
3106,1,7,11,7,4,1,0,28,0
3107,0,6,11,1,5,0,0,24,1
3107,0,8,21,1,5,0,0,35,0
3108,0,0,1,3,0,0,0,10,1
3108,0,0,4,3,0,0,0,12,0
3109,0,2,10,2,1,0,0,15,1
3109,0,2,13,2,1,0,0,19,0
3110,0,12,25,1,5,0,0,40,1
3110,0,13,27,1,5,0,0,43,0
3111,2,8,43,37,5,2,0,59,1
3111,2,8,43,37,5,2,0,59,0
3112,0,1,4,2,1,0,0,11,1
3112,1,2,6,5,2,1,0,17,0
3113,0,4,5,0,1,0,0,12,1
3113,0,5,8,0,1,0,0,16,0
3115,0,1,5,0,1,0,0,5,1
3115,0,1,5,0,1,0,0,5,0
3117,0,1,6,0,1,0,0,8,1
3117,0,2,8,0,1,0,0,11,0
3118,0,1,7,0,1,0,0,14,1
3118,0,2,9,0,1,0,0,18,0
3119,0,0,0,0,0,0,0,2,1
3119,0,1,3,0,1,0,0,5,0
3120,3,5,28,11,5,2,0,44,1
3120,4,5,34,17,5,2,0,53,0
3121,1,1,3,0,2,1,1,9,1
3121,1,1,3,2,2,1,1,13,0
3122,0,15,30,4,9,0,0,58,1
3122,0,17,33,4,9,0,0,64,0
3123,0,0,1,1,0,0,0,2,1
3123,0,3,4,3,2,0,0,10,0
3125,0,0,3,0,0,0,0,2,1
3125,0,0,1,0,0,0,0,6,0
3126,2,20,22,6,7,1,0,57,1
3126,2,23,27,6,9,1,0,67,0
3130,1,12,14,1,5,1,0,37,1
3130,1,12,14,1,5,1,0,37,0
3131,0,30,43,0,12,0,0,73,1
3131,0,31,46,0,12,0,0,75,0
3132,0,7,11,0,2,0,0,22,1
3132,0,7,12,0,2,0,0,22,0
3136,1,7,19,2,4,1,0,31,1
3136,1,7,21,3,4,1,0,32,0
3137,0,1,3,0,1,0,0,6,1
3137,0,2,4,0,1,0,0,8,0
3138,1,3,20,4,3,1,0,37,1
3138,1,5,21,4,3,1,0,41,0
3139,0,1,3,0,1,0,0,5,1
3139,0,1,4,0,1,0,0,6,0
3140,0,0,2,0,0,0,0,3,1
3140,0,0,2,0,0,0,0,3,0
3141,0,0,0,0,0,0,0,2,1
3141,0,0,1,0,0,0,0,2,0
3142,0,13,11,0,10,0,0,30,1
3142,0,16,11,0,13,0,0,36,0
3143,0,0,0,0,0,0,0,2,1
3143,0,2,3,0,1,0,0,12,0
3144,2,3,9,3,2,2,0,18,1
3144,2,4,12,3,2,2,0,20,0
3146,0,14,14,0,10,0,0,33,1
3146,0,17,14,0,13,0,0,39,0
3149,0,4,11,1,2,0,0,18,1
3149,0,5,14,1,3,0,0,20,0
3151,0,0,0,0,0,0,0,2,1
3151,0,0,0,0,0,0,0,2,0
3152,0,3,6,0,2,0,0,11,1
3152,0,3,6,0,2,0,0,12,0
3153,0,1,4,0,1,0,0,9,1
3153,0,1,4,0,1,0,0,10,0
3154,0,0,2,0,0,0,0,3,1
3154,0,0,2,0,0,0,0,11,0
3156,0,0,0,0,0,0,0,2,1
3156,0,0,1,0,0,0,0,2,0
3157,0,13,31,0,11,0,0,36,1
3157,0,13,32,0,11,0,0,37,0
3158,0,1,5,0,1,0,0,6,1
3158,0,1,5,0,1,0,0,6,0
3161,0,0,0,0,0,0,0,2,1
3161,0,0,0,0,0,0,0,2,0
3162,0,7,16,2,2,0,0,30,1
3162,0,7,17,2,2,0,0,30,0
3163,0,7,16,2,2,0,0,29,1
3163,0,7,17,2,2,0,0,29,0
3164,0,2,5,2,1,0,0,9,1
3164,0,4,9,2,2,0,0,15,0
3166,0,0,0,0,0,0,0,2,1
3166,0,0,0,0,0,0,0,2,0
3167,1,1,8,1,2,1,0,14,1
3167,1,1,10,1,2,1,0,15,0
3168,1,5,13,2,4,1,0,15,1
3168,3,14,31,7,7,2,0,48,0
3169,0,15,30,0,3,0,0,66,1
3169,0,17,32,0,3,0,0,67,0
3170,1,1,5,5,2,1,1,20,1
3170,1,1,5,5,2,1,1,20,0
3171,0,0,4,1,0,0,0,6,1
3171,0,0,4,1,0,0,0,6,0
3172,0,11,21,0,2,0,0,49,1
3172,0,11,21,0,2,0,0,51,0
3173,0,5,15,1,2,0,0,23,1
3173,0,7,20,2,2,0,0,33,0
3174,0,3,37,5,1,0,0,42,1
3174,0,3,38,6,1,0,0,43,0
3175,0,0,2,1,0,0,0,4,1
3175,0,0,3,1,0,0,0,5,0
3176,0,6,14,1,2,0,0,27,1
3176,0,6,13,1,2,0,0,27,0
3178,0,1,4,3,1,0,0,7,1
3178,0,1,5,3,1,0,0,7,0
3180,0,7,12,0,3,0,0,18,1
3180,0,7,13,0,3,0,0,18,0
3181,0,3,11,1,2,0,0,24,1
3181,0,3,13,2,2,0,0,29,0
3182,0,1,4,0,1,0,0,8,1
3182,0,1,4,0,1,0,0,8,0
3183,1,0,4,0,1,1,0,6,1
3183,1,1,4,0,1,1,0,7,0
3185,0,7,25,16,3,0,0,46,1
3185,0,8,25,19,3,0,0,50,0
3186,2,14,23,9,3,1,0,80,1
3186,2,15,22,9,3,1,0,81,0
3188,1,0,2,0,1,1,0,3,1
3188,1,0,3,0,1,1,0,4,0
3189,0,5,15,0,2,0,0,11,1
3189,0,5,16,0,2,0,0,12,0
3191,0,3,10,2,1,0,0,22,1
3191,0,3,11,2,1,0,0,23,0
3192,0,10,27,37,9,0,0,38,1
3192,0,10,29,37,9,0,0,38,0
3194,0,6,8,3,2,0,0,18,1
3194,0,6,9,3,2,0,0,19,0
3195,0,0,1,0,0,0,0,2,1
3195,0,0,1,0,0,0,0,2,0
3196,0,0,1,0,0,0,0,2,1
3196,0,0,1,0,0,0,0,2,0
3197,0,1,3,0,1,0,0,3,1
3197,0,1,3,0,1,0,0,4,0
3198,0,5,4,0,3,0,0,20,1
3198,0,5,7,0,3,0,0,21,0
3199,0,10,55,0,7,0,0,52,1
3199,0,10,54,0,7,0,0,52,0
3200,0,0,1,0,0,0,0,2,1
3200,0,0,3,0,0,0,0,4,0
3202,0,0,0,0,0,0,0,3,1
3202,0,0,0,0,0,0,0,3,0
3205,0,3,5,0,1,0,0,11,1
3205,0,4,6,0,1,0,0,13,0
3206,0,7,18,2,3,0,0,31,1
3206,0,7,18,2,3,0,0,31,0
3208,0,1,3,2,1,0,0,6,1
3208,0,2,5,3,1,0,0,9,0
3209,0,4,6,1,3,0,0,29,1
3209,0,4,7,1,3,0,0,29,0
3211,0,0,2,0,0,0,0,2,1
3211,0,0,2,0,0,0,0,2,0
3213,0,1,3,0,1,0,0,5,1
3213,0,1,3,0,1,0,0,5,0
3214,0,8,12,4,3,0,0,43,1
3214,0,8,12,4,3,0,0,44,0
3215,5,10,23,5,4,1,0,40,1
3215,2,2,9,4,3,1,0,15,0
3218,0,4,10,5,1,0,0,19,1
3218,0,4,10,6,1,0,0,20,0
3219,0,0,1,0,0,0,0,2,1
3219,0,0,1,0,0,0,0,2,0
3220,0,0,1,0,0,0,0,2,1
3220,0,0,1,0,0,0,0,2,0
3221,0,0,1,0,0,0,0,2,1
3221,0,0,1,0,0,0,0,2,0
3222,0,0,1,0,0,0,0,2,1
3222,0,0,1,0,0,0,0,2,0
3223,0,0,1,0,0,0,0,2,1
3223,0,0,1,0,0,0,0,2,0
3224,0,0,5,1,0,0,0,7,1
3224,0,0,5,1,0,0,0,9,0
3225,0,0,1,0,0,0,0,2,1
3225,0,0,1,0,0,0,0,2,0
3226,0,0,1,0,0,0,0,2,1
3226,0,0,1,0,0,0,0,2,0
3227,0,4,15,1,2,0,0,26,1
3227,0,6,16,1,2,0,0,26,0
3228,0,1,8,0,1,0,0,12,1
3228,1,1,10,1,2,1,0,12,0
3229,0,3,8,4,1,0,0,22,1
3229,0,3,7,4,1,0,0,21,0
3230,0,0,1,0,0,0,0,2,1
3230,0,0,1,0,0,0,0,2,0
3231,0,0,2,3,0,0,0,7,1
3231,0,0,2,4,0,0,0,7,0
3232,0,1,4,0,1,0,0,5,1
3232,0,2,7,2,2,0,0,9,0
3233,0,0,0,0,0,0,0,3,1
3233,0,1,0,0,1,0,0,6,0
3234,0,2,3,4,1,0,0,11,1
3234,0,2,5,5,2,0,0,13,0
3235,0,8,13,4,3,0,0,40,1
3235,0,8,13,4,3,0,0,41,0
3238,1,11,22,11,5,1,0,73,1
3238,1,11,22,11,5,1,0,73,0
3239,0,0,5,1,0,0,0,9,1
3239,0,0,6,1,0,0,0,9,0
3240,0,0,1,0,0,0,0,2,1
3240,0,0,2,0,0,0,0,5,0
3242,0,7,16,0,5,0,0,25,1
3242,0,7,16,0,5,0,0,25,0
3243,0,0,1,0,0,0,0,2,1
3243,0,1,1,2,1,0,0,6,0
3245,0,0,1,0,0,0,0,2,1
3245,0,0,2,0,0,0,0,3,0
3246,0,1,6,1,1,0,0,6,1
3246,0,1,7,1,1,0,0,7,0
3247,1,0,3,0,1,1,0,31,1
3247,1,0,4,0,1,1,0,32,0
3248,0,9,16,0,4,0,0,39,1
3248,0,9,17,0,4,0,0,40,0
3251,0,13,43,0,5,0,0,50,1
3251,0,13,44,0,5,0,0,51,0
3252,1,5,16,6,2,1,0,27,1
3252,1,7,24,6,2,1,0,37,0
3253,0,11,25,4,3,0,0,50,1
3253,0,12,26,4,3,0,0,53,0
3254,0,5,11,0,2,0,0,20,1
3254,0,5,12,0,2,0,0,21,0
3255,0,0,3,0,0,0,0,5,1
3255,0,0,4,0,0,0,0,6,0
3258,0,0,0,1,0,0,0,2,1
3258,0,0,1,1,0,0,0,4,0
3259,0,0,1,0,0,0,0,2,1
3259,0,0,2,0,0,0,0,4,0
3260,0,1,2,1,1,0,0,8,1
3260,0,1,3,1,1,0,0,9,0
3261,0,17,23,2,5,0,0,55,1
3261,0,17,24,2,5,0,0,56,0
3262,0,0,1,0,0,0,0,2,1
3262,0,0,2,0,0,0,0,3,0
3263,1,0,3,2,1,1,0,9,1
3263,1,0,4,2,1,1,0,10,0
3264,1,10,23,2,5,1,0,36,1
3264,1,10,23,2,5,1,0,37,0
3266,0,0,0,0,0,0,0,2,1
3266,0,0,1,0,0,0,0,3,0
3268,2,5,20,3,3,1,0,37,1
3268,1,4,18,3,2,1,0,30,0
3270,0,1,6,0,1,0,0,5,1
3270,0,1,8,0,1,0,0,7,0
3271,0,1,3,0,1,0,0,12,1
3271,0,1,5,0,1,0,0,18,0
3272,0,3,6,2,2,0,0,11,1
3272,0,3,7,2,2,0,0,12,0
3274,0,0,4,0,0,0,0,5,1
3274,0,1,5,0,1,0,0,8,0
3275,0,4,7,0,2,0,0,14,1
3275,0,4,7,0,2,0,0,15,0
3276,0,0,2,1,0,0,0,4,1
3276,0,0,2,0,0,0,0,3,0
3277,1,0,9,0,1,1,0,16,1
3277,1,2,11,1,1,1,0,27,0
3278,0,1,1,1,1,0,0,5,1
3278,0,1,2,1,1,0,0,6,0
3279,0,1,4,1,1,0,0,4,1
3279,0,1,5,1,1,0,0,6,0
3280,5,17,41,6,3,1,1,92,1
3280,5,17,42,6,3,1,1,92,0
3281,1,1,7,0,2,1,0,10,1
3281,1,1,8,0,2,1,0,11,0
3282,0,5,20,0,3,0,0,36,1
3282,0,5,21,0,3,0,0,37,0
3283,0,1,4,0,1,0,0,7,1
3283,0,1,4,0,1,0,0,7,0
3284,1,12,31,6,3,1,0,57,1
3284,1,8,26,6,3,1,0,50,0
3285,0,0,1,2,0,0,0,4,1
3285,0,0,2,2,0,0,0,4,0
3286,0,3,6,0,3,0,0,33,1
3286,0,3,6,0,3,0,0,34,0
3287,0,2,9,1,1,0,0,12,1
3287,0,2,11,1,1,0,0,12,0
3288,0,3,7,1,2,0,0,15,1
3288,0,3,8,1,2,0,0,15,0
3289,0,3,6,0,1,0,0,17,1
3289,0,4,9,0,2,0,0,20,0
3290,0,1,3,2,1,0,0,4,1
3290,0,1,2,2,1,0,0,4,0
3291,0,2,3,1,2,0,0,8,1
3291,0,2,4,1,2,0,0,8,0
3292,0,4,18,2,1,0,0,23,1
3292,0,4,20,2,1,0,0,24,0
3293,1,22,26,2,9,1,0,60,1
3293,1,23,32,2,10,1,0,67,0
3294,0,1,1,0,1,0,0,5,1
3294,0,1,2,0,1,0,0,7,0
3295,0,0,2,0,0,0,0,3,1
3295,0,1,3,1,1,0,0,8,0
3296,0,16,36,1,6,0,0,40,1
3296,0,16,36,1,8,0,0,40,0
3298,0,19,44,0,4,0,0,83,1
3298,0,20,47,0,4,0,1,97,0
3299,0,2,5,1,2,0,0,11,1
3299,0,2,6,1,2,0,0,11,0
3300,0,1,6,0,1,0,0,7,1
3300,0,1,5,0,1,0,0,6,0
3301,0,1,2,0,1,0,0,6,1
3301,0,1,3,0,1,0,0,7,0
3302,0,6,11,0,4,0,0,19,1
3302,0,6,11,0,4,0,0,19,0
3303,0,0,0,0,0,0,0,3,1
3303,0,0,2,0,0,0,0,8,0
3304,0,3,4,0,3,0,0,8,1
3304,0,3,5,0,3,0,0,11,0
3305,0,0,4,0,0,0,0,10,1
3305,0,0,4,0,0,0,0,11,0
3307,0,4,11,5,2,0,0,27,1
3307,0,2,6,1,1,0,0,11,0
3309,1,2,8,1,2,1,0,32,1
3309,1,2,8,2,2,1,0,34,0
3310,0,13,26,0,5,0,0,41,1
3310,0,14,27,0,5,0,0,43,0
3311,0,14,31,0,4,0,0,74,1
3311,0,13,29,0,4,0,0,71,0
3312,0,9,33,0,5,0,0,50,1
3312,0,9,34,0,5,0,0,51,0
3313,0,0,1,0,0,0,0,4,1
3313,0,0,2,0,0,0,0,5,0
3314,1,5,7,1,4,1,0,15,1
3314,1,5,7,1,4,1,0,15,0
3315,0,3,15,0,2,0,0,20,1
3315,0,3,15,0,2,0,0,20,0
3316,0,16,33,2,11,0,1,45,1
3316,0,16,33,2,11,0,1,44,0
3320,0,7,9,0,5,0,0,21,1
3320,0,7,10,0,5,0,0,21,0
3321,0,7,10,0,7,0,0,19,1
3321,0,7,11,0,7,0,0,19,0
3322,0,1,2,0,1,0,0,5,1
3322,0,1,2,0,1,0,0,5,0
3325,0,0,1,0,0,0,0,2,1
3325,0,0,2,0,0,0,0,4,0
3326,0,4,16,0,2,0,0,18,1
3326,0,4,16,0,2,0,0,19,0
3327,0,5,11,6,1,0,0,24,1
3327,0,5,12,6,1,0,0,25,0
3328,1,2,4,0,1,1,0,37,1
3328,1,2,5,0,1,1,0,38,0
3330,0,2,7,1,2,0,0,11,1
3330,0,0,6,0,0,0,0,6,0
3331,0,10,28,4,3,0,0,42,1
3331,0,7,21,2,3,0,0,34,0
3332,0,0,1,0,0,0,0,4,1
3332,0,0,2,0,0,0,0,4,0
3333,0,3,13,1,2,0,0,12,1
3333,0,1,6,1,1,0,0,7,0
3334,0,3,16,1,2,0,0,17,1
3334,0,0,9,0,0,0,0,6,0
3335,0,3,5,0,2,0,0,10,1
3335,0,3,5,0,2,0,0,10,0
3336,0,0,1,0,0,0,0,2,1
3336,0,0,1,0,0,0,0,2,0
3337,0,0,0,0,0,0,0,2,1
3337,0,0,0,0,0,0,0,2,0
3338,0,3,17,0,2,0,0,22,1
3338,0,4,18,0,2,0,0,31,0
3340,0,0,1,0,0,0,0,2,1
3340,0,0,1,0,0,0,0,2,0
3341,3,4,15,5,3,2,0,26,1
3341,2,2,9,10,2,2,0,28,0
3343,0,0,4,2,0,0,0,6,1
3343,0,2,9,2,2,0,0,12,0
3344,0,0,3,0,0,0,0,5,1
3344,0,0,3,0,0,0,0,5,0
3345,1,6,12,1,4,1,0,23,1
3345,1,4,10,1,3,1,0,19,0
3346,0,0,2,1,0,0,0,4,1
3346,0,0,2,0,0,0,0,3,0
3347,0,2,2,0,1,0,0,23,1
3347,0,0,1,0,0,0,0,9,0
3348,0,0,2,0,0,0,0,6,1
3348,0,0,4,0,0,0,0,8,0
3349,0,2,3,1,2,0,0,10,1
3349,0,3,6,1,2,0,0,17,0
3350,0,0,1,0,0,0,0,2,1
3350,0,0,1,0,0,0,0,2,0
3351,0,14,23,1,4,0,0,39,1
3351,0,8,12,0,3,0,0,24,0
3352,0,0,1,0,0,0,0,2,1
3352,0,0,1,0,0,0,0,2,0
3353,0,0,0,13,0,0,0,35,1
3353,0,0,0,13,0,0,0,34,0
3354,0,1,2,0,1,0,0,4,1
3354,0,1,1,0,1,0,0,4,0
3355,0,1,5,0,1,0,0,8,1
3355,0,1,5,0,1,0,0,7,0
3356,0,1,4,0,1,0,0,6,1
3356,0,1,4,0,1,0,0,6,0
3357,0,1,6,1,1,0,0,10,1
3357,0,1,6,1,1,0,0,9,0
3359,0,0,5,0,0,0,0,6,1
3359,0,0,5,0,0,0,0,5,0
3360,0,5,10,0,2,0,0,14,1
3360,0,7,12,0,2,0,0,20,0
3361,0,12,10,0,3,0,0,44,1
3361,0,14,11,0,5,0,0,51,0
3362,0,2,4,0,1,0,0,20,1
3362,0,2,4,0,1,0,0,21,0
3363,0,1,3,0,1,0,0,9,1
3363,0,0,2,0,0,0,0,3,0
3364,0,0,1,0,0,0,0,2,1
3364,0,0,1,0,0,0,0,2,0
3365,0,0,1,0,0,0,0,2,1
3365,0,0,1,0,0,0,0,2,0
3366,0,4,3,0,3,0,0,12,1
3366,0,6,7,0,3,0,0,21,0
3369,0,0,1,0,0,0,0,2,1
3369,0,0,1,0,0,0,0,2,0
3370,0,0,1,0,0,0,0,2,1
3370,0,0,1,0,0,0,0,2,0
3371,0,0,0,3,0,0,0,16,1
3371,0,0,0,4,0,0,0,17,0
3373,0,4,10,2,2,0,0,16,1
3373,0,5,11,1,3,0,0,17,0
3374,1,0,7,1,1,1,0,15,1
3374,0,1,4,2,1,0,0,7,0
3375,0,1,2,0,1,0,0,5,1
3375,0,1,2,0,1,0,0,5,0
3376,0,0,3,0,0,0,0,4,1
3376,0,0,1,0,0,0,0,2,0
3378,0,1,1,0,1,0,0,14,1
3378,0,1,1,0,1,0,0,6,0
3379,0,0,4,0,0,0,0,4,1
3379,0,0,3,0,0,0,0,3,0
3380,0,0,2,0,0,0,0,5,1
3380,1,1,3,0,2,1,1,9,0
3381,0,9,15,2,2,0,0,39,1
3381,0,7,13,2,2,0,0,31,0
3382,0,0,2,0,0,0,0,4,1
3382,0,0,2,0,0,0,0,4,0
3383,0,0,2,0,0,0,0,2,1
3383,0,0,2,0,0,0,0,2,0
3384,0,1,5,0,1,0,0,8,1
3384,0,2,7,0,2,0,0,10,0
3386,0,3,9,1,2,0,0,16,1
3386,0,4,13,1,2,0,0,21,0
3388,0,0,0,0,0,0,0,2,1
3388,0,0,0,0,0,0,0,2,0
3389,0,0,0,0,0,0,0,2,1
3389,0,0,0,0,0,0,0,2,0
3390,0,0,0,0,0,0,0,2,1
3390,0,0,0,0,0,0,0,2,0
3392,0,4,7,1,3,0,0,17,1
3392,0,5,10,1,3,0,0,21,0
3393,1,3,11,4,3,1,0,28,1
3393,1,2,13,1,2,1,0,20,0
3394,0,0,1,0,0,0,0,2,1
3394,0,0,0,0,0,0,0,2,0
3396,0,0,3,0,0,0,0,2,1
3396,0,0,2,0,0,0,0,2,0
3397,0,1,2,0,1,0,0,7,1
3397,0,0,1,0,0,0,0,5,0
3398,0,8,21,1,5,0,0,35,1
3398,0,8,21,1,5,0,0,35,0
3399,1,11,42,27,2,1,0,70,1
3399,1,10,39,25,2,1,0,64,0
3400,0,1,3,0,1,0,0,5,1
3400,0,1,3,0,1,0,0,5,0
3401,0,0,2,0,0,0,0,7,1
3401,0,0,2,0,0,0,0,6,0
3402,8,0,24,0,1,1,0,29,1
3402,7,0,22,0,1,1,0,24,0
3403,0,2,5,0,2,0,0,7,1
3403,0,1,4,0,1,0,0,4,0
3404,0,1,8,0,1,0,0,11,1
3404,0,1,8,0,1,0,0,11,0
3406,2,3,8,3,3,2,0,15,1
3406,2,0,5,2,2,2,0,14,0
3407,0,0,2,0,0,0,0,8,1
3407,0,2,3,2,1,0,0,6,0
3408,0,4,10,0,3,0,0,13,1
3408,0,5,12,0,4,0,0,15,0
3410,0,1,7,1,1,0,0,7,1
3410,1,2,6,1,3,1,0,10,0
3412,0,1,4,0,1,0,0,10,1
3412,0,1,4,0,1,0,0,10,0
3413,0,2,4,0,1,0,0,9,1
3413,0,2,4,0,1,0,0,8,0
3414,0,7,16,0,3,0,0,15,1
3414,0,13,26,0,5,0,0,28,0
3415,0,2,9,1,2,0,0,15,1
3415,1,4,8,5,2,1,0,21,0
3416,0,0,1,0,0,0,0,2,1
3416,0,0,1,0,0,0,0,2,0
3419,0,0,1,0,0,0,0,2,1
3419,0,1,1,0,1,0,0,5,0
3420,0,3,9,0,3,0,0,16,1
3420,0,3,11,0,3,0,0,16,0
3422,1,4,6,0,2,1,0,25,1
3422,1,4,6,0,2,1,0,25,0
3423,0,1,3,0,1,0,0,8,1
3423,0,2,4,0,1,0,0,10,0
3426,0,2,6,0,1,0,0,9,1
3426,0,2,8,0,1,0,0,9,0
3427,0,0,5,3,0,0,0,71,1
3427,0,0,5,3,0,0,0,72,0
3429,0,0,0,0,0,0,0,7,1
3429,0,0,0,0,0,0,0,3,0
3431,0,0,0,1,0,0,0,5,1
3431,0,0,0,1,0,0,0,5,0
3433,1,5,10,1,3,1,0,25,1
3433,1,6,12,1,3,1,0,30,0
3434,0,2,4,0,2,0,0,13,1
3434,0,3,5,0,2,0,0,18,0
3435,1,14,29,0,5,1,0,34,1
3435,1,15,30,0,5,1,0,39,0
3436,0,0,1,0,0,0,0,4,1
3436,0,1,2,0,1,0,0,4,0
3438,2,10,38,8,4,1,0,62,1
3438,1,7,21,3,3,1,0,40,0
3439,0,0,1,1,0,0,0,12,1
3439,0,0,1,1,0,0,0,13,0
3440,0,0,1,0,0,0,0,2,1
3440,0,0,1,0,0,0,0,2,0
3442,0,8,24,1,3,0,0,42,1
3442,0,10,24,1,5,0,0,45,0
3443,0,2,6,0,2,0,0,10,1
3443,0,4,14,0,2,0,0,15,0
3446,0,3,8,0,1,0,0,13,1
3446,0,3,8,0,1,0,0,10,0
3448,1,2,3,0,3,1,0,8,1
3448,1,2,4,0,3,1,0,11,0
3449,0,5,7,1,2,0,0,22,1
3449,0,5,7,1,2,0,0,25,0
3451,1,3,19,2,2,1,0,21,1
3451,1,1,9,2,2,1,0,15,0
3456,0,2,8,4,2,0,0,11,1
3456,0,6,22,2,4,0,0,27,0
3457,0,2,8,1,2,0,0,9,1
3457,0,0,1,0,0,0,0,2,0
3458,0,1,4,0,1,0,0,9,1
3458,0,1,6,0,1,0,0,12,0
3459,0,0,1,0,0,0,0,11,1
3459,0,0,1,0,0,0,0,11,0
3460,0,9,14,0,3,0,0,26,1
3460,0,10,13,0,4,0,0,31,0
3463,0,0,6,0,0,0,0,4,1
3463,0,1,6,0,1,0,0,5,0
3464,0,16,35,0,4,0,0,64,1
3464,0,21,40,0,4,0,0,87,0
3467,0,0,0,0,0,0,0,2,1
3467,0,0,0,0,0,0,0,5,0
3468,2,6,17,37,2,1,0,83,1
3468,2,7,17,37,2,1,0,85,0
3469,0,2,2,1,2,0,0,7,1
3469,0,2,2,1,2,0,0,7,0
3470,1,1,6,2,1,1,0,16,1
3470,1,1,6,2,1,1,0,17,0
3471,3,7,14,3,6,2,0,32,1
3471,2,3,9,2,4,2,0,20,0
3473,0,9,11,0,6,0,0,22,1
3473,0,12,11,0,9,0,0,28,0
3474,0,2,5,0,1,0,1,14,1
3474,0,0,3,0,0,0,0,4,0
3475,1,0,1,0,1,1,0,6,1
3475,1,2,1,0,1,1,0,11,0
3476,0,2,9,0,1,0,0,22,1
3476,0,2,9,0,1,0,0,22,0
3477,0,0,0,0,0,0,0,4,1
3477,0,0,0,0,0,0,0,5,0
3478,0,43,92,0,18,0,0,141,1
3478,0,42,92,0,18,0,0,140,0
3479,0,6,12,7,4,0,0,24,1
3479,0,8,13,7,5,0,0,29,0
3481,0,0,3,0,0,0,0,4,1
3481,0,0,3,0,0,0,0,4,0
3483,0,10,14,0,6,0,0,25,1
3483,0,13,14,0,9,0,0,31,0
3484,0,0,3,0,0,0,0,4,1
3484,0,0,5,0,0,0,0,5,0
3495,0,1,5,1,1,0,0,9,1
3495,0,3,8,1,2,0,0,17,0
3497,0,0,2,4,0,0,0,7,1
3497,0,1,2,6,1,0,0,11,0
3499,3,29,29,14,15,3,0,78,1
3499,3,30,31,15,16,3,0,84,0
3500,3,17,18,11,11,3,0,63,1
3500,3,18,20,12,11,3,0,69,0
3501,4,0,18,0,2,2,0,28,1
3501,4,0,19,0,2,2,0,29,0
3502,0,7,12,1,3,0,0,28,1
3502,0,7,12,1,3,0,0,28,0
3503,0,5,9,0,3,0,0,33,1
3503,0,5,12,0,3,0,0,40,0
3504,0,3,8,2,1,0,0,12,1
3504,0,3,8,2,1,0,0,12,0
3506,3,20,24,13,12,3,0,78,1
3506,4,22,28,14,12,3,0,83,0
3507,3,18,20,12,11,3,0,69,1
3507,3,20,24,13,12,3,0,79,0
3508,3,14,11,5,11,3,0,37,1
3508,3,14,11,5,11,3,0,41,0
3509,0,6,11,4,2,0,1,44,1
3509,0,5,10,4,2,0,1,41,0
3510,0,1,0,0,1,0,0,6,1
3510,0,1,1,1,1,0,0,10,0
3513,0,9,17,2,3,0,0,36,1
3513,0,10,18,2,3,0,0,38,0
3514,2,3,2,2,4,2,0,13,1
3514,2,3,4,2,4,2,0,13,0
3515,0,3,4,0,1,0,0,10,1
3515,0,4,6,0,2,0,0,14,0
3516,3,27,26,9,14,3,0,63,1
3516,3,28,26,12,14,3,0,71,0
3517,1,5,9,1,2,1,0,14,1
3517,1,4,12,1,2,1,0,19,0
3520,3,6,1,2,7,3,0,19,1
3520,3,8,1,2,8,3,0,22,0
3521,2,11,20,3,7,1,1,40,1
3521,2,14,25,3,9,1,1,58,0
3522,0,5,12,1,3,0,0,32,1
3522,0,6,12,1,3,0,0,36,0
3523,0,2,2,2,2,0,0,10,1
3523,0,2,2,2,2,0,0,10,0
3527,3,6,10,4,6,2,0,25,1
3527,3,6,11,4,6,2,0,28,0
3528,0,1,8,1,1,0,0,23,1
3528,0,2,8,1,1,0,0,27,0
3529,0,1,7,2,1,0,0,15,1
3529,0,1,7,2,1,0,0,15,0
3530,1,8,24,3,4,1,0,47,1
3530,1,8,25,3,4,1,0,48,0
3532,0,3,10,0,2,0,0,18,1
3532,0,3,10,0,2,0,0,18,0
3533,0,5,19,7,1,0,0,77,1
3533,0,5,19,8,1,0,0,77,0
3534,1,8,20,10,4,1,0,57,1
3534,1,9,21,11,4,1,0,61,0
3535,3,14,11,5,11,3,0,41,1
3535,3,16,13,5,11,3,0,45,0
3536,0,3,15,0,2,0,0,34,1
3536,0,4,17,0,3,0,0,37,0
3537,0,1,0,0,1,0,0,4,1
3537,0,2,0,0,1,0,0,8,0
3538,0,1,1,1,1,0,0,7,1
3538,0,2,2,2,2,0,0,10,0
3539,0,13,32,14,3,0,0,132,1
3539,0,13,32,14,3,0,0,134,0
3540,1,7,35,3,3,1,0,81,1
3540,1,7,35,3,3,1,0,85,0
3541,0,5,19,8,1,0,0,77,1
3541,0,7,17,8,2,0,0,86,0
3542,0,2,5,0,2,0,0,20,1
3542,0,2,10,0,2,0,0,34,0
3543,1,3,3,1,3,1,1,8,1
3543,1,3,4,1,3,1,1,8,0
3544,0,1,1,0,1,0,0,6,1
3544,0,1,1,0,1,0,0,6,0
3545,1,5,13,3,4,1,1,22,1
3545,1,6,15,3,4,1,1,31,0
3546,4,0,18,0,2,2,0,27,1
3546,4,0,18,0,2,2,0,28,0
3547,0,4,9,0,3,0,0,30,1
3547,0,4,9,0,3,0,0,30,0
3548,0,6,12,1,3,0,0,31,1
3548,0,6,12,1,3,0,0,36,0
3550,2,1,2,2,3,2,0,8,1
3550,2,3,2,2,4,2,0,13,0
3551,0,1,3,3,1,0,0,10,1
3551,0,2,4,3,2,0,0,13,0
3553,1,2,2,0,2,1,0,11,1
3553,1,2,4,1,2,1,0,19,0
3554,0,4,9,0,3,0,0,30,1
3554,0,4,9,0,3,0,0,30,0
3555,0,1,0,0,1,0,0,6,1
3555,0,1,1,1,1,0,0,11,0
3556,0,3,4,0,1,0,0,12,1
3556,0,3,4,0,1,0,0,14,0
3557,0,0,1,2,0,0,0,5,1
3557,0,0,1,4,0,0,0,7,0
3559,1,6,15,5,4,1,0,28,1
3559,1,7,16,7,4,1,0,32,0
3561,0,1,5,0,1,0,0,13,1
3561,0,1,5,0,1,0,0,13,0
3563,0,2,5,0,2,0,0,17,1
3563,0,2,5,0,2,0,0,17,0
3564,0,0,1,2,0,0,0,5,1
3564,0,1,2,4,1,0,0,10,0
3565,2,5,8,3,4,2,0,19,1
3565,3,6,10,4,6,2,0,25,0
3567,0,4,9,0,3,0,0,30,1
3567,0,4,9,0,3,0,0,31,0
3568,4,0,14,0,2,2,0,18,1
3568,4,0,14,0,2,2,0,22,0
3569,0,2,10,0,2,0,0,23,1
3569,0,3,12,0,3,0,0,27,0
3570,1,9,16,9,4,1,1,47,1
3570,1,9,16,9,4,1,1,47,0
3572,1,10,21,14,4,1,0,66,1
3572,1,10,20,14,4,1,0,65,0
3573,0,2,2,2,2,0,0,10,1
3573,0,2,2,2,2,0,0,11,0
3574,1,11,40,5,3,1,0,90,1
3574,1,11,40,5,3,1,0,91,0
3576,1,8,21,3,4,1,0,48,1
3576,1,7,20,3,4,1,0,46,0
3577,0,2,4,3,1,0,0,13,1
3577,0,2,5,3,1,0,0,13,0
3578,2,5,12,0,6,2,0,18,1
3578,2,5,13,0,6,2,0,18,0
3580,1,0,9,2,1,1,0,11,1
3580,1,0,9,2,1,1,0,11,0
3581,1,8,27,8,2,1,0,55,1
3581,1,8,26,8,2,1,0,54,0
3584,1,9,24,16,6,1,0,48,1
3584,1,9,24,17,6,1,0,50,0
3587,0,0,6,0,0,0,0,15,1
3587,0,0,6,0,0,0,0,15,0
3588,0,0,2,1,0,0,0,4,1
3588,0,0,3,1,0,0,0,7,0
3589,0,3,3,3,1,0,0,10,1
3589,0,3,3,3,1,0,0,13,0
3590,0,0,3,0,0,0,0,6,1
3590,0,0,2,0,0,0,0,6,0
3593,0,0,2,0,0,0,0,4,1
3593,0,0,2,0,0,0,0,4,0
3594,1,0,8,0,1,1,0,13,1
3594,1,1,8,0,2,1,0,18,0
3595,0,1,1,0,1,0,0,4,1
3595,0,1,1,0,1,0,0,5,0
3596,2,5,26,6,3,1,0,41,1
3596,2,5,28,6,3,1,0,44,0
3598,0,1,4,0,1,0,0,5,1
3598,0,2,5,0,1,0,0,7,0
3600,0,2,3,0,1,0,0,8,1
3600,0,3,5,0,2,0,0,13,0
3601,0,14,21,2,7,0,0,35,1
3601,0,15,22,2,7,0,0,38,0
3602,0,10,11,1,3,0,0,43,1
3602,0,9,10,1,3,0,0,39,0
3603,0,4,9,0,2,0,0,14,1
3603,0,4,9,0,2,0,0,18,0
3607,0,0,0,0,0,0,0,2,1
3607,0,0,0,0,0,0,0,2,0
3608,0,4,7,0,2,0,0,15,1
3608,0,5,9,0,2,0,0,17,0
3610,0,1,2,1,1,0,0,4,1
3610,0,1,2,1,1,0,0,4,0
3612,3,2,10,2,4,3,0,18,1
3612,3,2,10,2,4,3,0,21,0
3613,0,5,6,4,4,0,0,16,1
3613,0,5,9,4,4,0,0,16,0
3614,0,0,2,1,0,0,0,3,1
3614,0,0,4,1,0,0,0,3,0
3615,0,0,1,1,0,0,0,2,1
3615,0,0,1,0,0,0,0,2,0
3616,0,0,3,0,0,0,0,2,1
3616,0,1,7,0,1,0,0,6,0
3617,2,1,13,0,2,2,0,22,1
3617,2,1,13,0,2,2,0,24,0
3618,1,1,9,1,2,1,0,13,1
3618,1,1,10,1,2,1,0,13,0
3619,0,0,2,0,0,0,0,3,1
3619,0,0,2,0,0,0,0,5,0
3620,1,8,23,1,4,1,1,40,1
3620,1,9,25,1,4,1,1,44,0
3621,0,0,0,0,0,0,0,5,1
3621,0,0,0,0,0,0,0,5,0
3623,0,0,1,0,0,0,0,2,1
3623,0,0,1,0,0,0,0,2,0
3624,0,0,1,0,0,0,0,2,1
3624,0,1,1,0,1,0,0,4,0
3625,2,7,12,0,5,2,0,28,1
3625,2,7,13,0,5,2,0,28,0
3627,4,10,23,0,4,2,0,49,1
3627,4,11,24,1,5,2,0,52,0
3630,1,4,8,4,1,1,0,22,1
3630,1,6,8,6,2,1,0,26,0
3631,0,1,6,0,1,0,0,8,1
3631,0,0,4,0,0,0,0,4,0
3632,0,1,2,0,1,0,0,9,1
3632,0,2,3,0,1,0,0,11,0
3633,0,1,1,1,1,0,0,5,1
3633,0,2,1,1,1,0,0,7,0
3634,2,7,9,8,5,1,0,29,1
3634,2,7,10,8,5,1,0,30,0
3636,0,2,8,3,1,0,0,12,1
3636,0,4,10,2,1,0,0,16,0
3638,2,3,0,0,2,1,0,14,1
3638,2,4,0,0,2,1,0,17,0
3639,0,3,11,1,1,0,0,22,1
3639,0,4,14,4,1,0,0,30,0
3643,0,0,1,0,0,0,0,2,1
3643,0,0,1,0,0,0,0,2,0
3644,2,0,7,0,1,1,0,8,1
3644,2,2,10,1,2,1,0,14,0
3645,0,0,2,0,0,0,0,2,1
3645,0,0,2,0,0,0,0,2,0
3646,0,7,12,0,2,0,0,39,1
3646,0,6,11,0,2,0,0,40,0
3647,0,2,2,1,2,0,0,10,1
3647,0,2,2,1,2,0,0,10,0
3648,3,42,61,27,22,2,0,142,1
3648,3,42,61,27,22,2,0,142,0
3650,2,7,10,5,2,1,0,37,1
3650,3,9,16,10,3,1,0,46,0
3653,0,0,1,0,0,0,0,5,1
3653,0,0,1,0,0,0,0,5,0
3654,0,0,1,0,0,0,0,2,1
3654,0,0,1,0,0,0,0,2,0
3656,0,0,2,1,0,0,0,3,1
3656,0,0,3,1,0,0,0,6,0
3657,1,22,46,2,4,1,1,93,1
3657,1,23,49,2,4,1,1,97,0
3659,0,7,14,0,2,0,1,19,1
3659,0,8,16,1,2,0,1,21,0
3660,1,5,9,0,3,1,0,26,1
3660,1,6,11,0,3,1,0,30,0
3661,2,35,53,24,21,2,0,119,1
3661,3,36,57,24,21,2,0,123,0
3664,0,0,0,2,0,0,0,10,1
3664,0,3,4,2,1,0,0,17,0
3665,0,0,1,0,0,0,0,2,1
3665,0,0,2,0,0,0,0,3,0
3666,0,3,7,0,1,0,0,15,1
3666,0,3,9,0,1,0,0,19,0
3667,0,0,1,1,0,0,0,2,1
3667,0,0,1,0,0,0,0,2,0
3668,0,0,4,0,0,0,0,7,1
3668,0,0,5,0,0,0,0,11,0
3669,2,2,7,1,2,1,0,23,1
3669,2,2,8,1,2,1,0,25,0
3670,1,2,3,0,2,1,0,7,1
3670,1,1,2,0,2,1,0,5,0
3671,0,0,1,0,0,0,0,2,1
3671,0,0,1,0,0,0,0,2,0
3672,0,1,6,0,1,0,0,5,1
3672,0,2,8,0,2,0,0,7,0
3673,0,0,3,0,0,0,0,2,1
3673,0,2,5,0,1,0,0,8,0
3674,0,0,0,0,0,0,0,2,1
3674,0,1,2,0,1,0,0,8,0
3676,1,5,8,0,4,1,0,17,1
3676,1,6,9,0,5,1,0,18,0
3677,0,0,1,0,0,0,0,2,1
3677,0,0,3,0,0,0,0,5,0
3679,2,35,57,9,2,1,1,96,1
3679,2,35,60,9,2,1,1,96,0
3682,0,6,9,2,2,0,0,20,1
3682,0,6,9,2,2,0,0,21,0
3683,2,18,42,2,2,1,1,46,1
3683,2,18,42,2,2,1,1,46,0
3684,0,2,3,0,2,0,0,8,1
3684,0,2,4,0,2,0,0,8,0
3685,0,0,1,2,0,0,0,2,1
3685,0,0,3,2,0,0,0,2,0
3686,0,0,1,3,0,0,0,2,1
3686,0,0,4,3,0,0,0,4,0
3687,0,3,20,2,1,0,0,24,1
3687,0,3,20,2,1,0,0,24,0
3688,0,1,2,0,1,0,0,7,1
3688,0,1,2,0,1,0,0,6,0
3689,4,10,23,0,4,2,0,49,1
3689,4,11,24,1,5,2,0,52,0
3690,0,0,2,0,0,0,0,3,1
3690,0,1,5,0,1,0,0,6,0
3691,0,0,1,0,0,0,0,2,1
3691,0,0,1,0,0,0,0,2,0
3692,2,2,10,0,3,2,0,16,1
3692,2,3,11,0,3,2,0,17,0
3697,0,0,4,1,0,0,0,5,1
3697,0,1,4,2,1,0,0,7,0
3698,8,34,31,36,11,3,1,135,1
3698,8,35,33,36,11,3,1,137,0
3699,0,0,10,0,0,0,0,11,1
3699,0,0,11,1,0,0,0,11,0
3700,1,15,35,10,15,1,0,56,1
3700,1,18,42,10,15,1,0,67,0
3701,0,2,5,0,1,0,0,8,1
3701,0,2,6,0,1,0,0,8,0
3702,1,3,5,2,3,1,0,15,1
3702,1,3,4,2,3,1,0,12,0
3703,0,1,1,0,1,0,0,4,1
3703,0,0,0,0,0,0,0,2,0
3704,0,2,2,2,1,0,0,13,1
3704,0,2,2,2,1,0,0,13,0
3705,0,6,15,1,2,0,1,20,1
3705,0,7,16,4,3,0,1,23,0
3706,0,1,4,0,1,0,0,12,1
3706,0,0,2,0,0,0,0,8,0
3707,1,4,10,7,2,1,0,19,1
3707,1,5,12,7,2,1,0,21,0
3708,0,1,2,0,1,0,0,4,1
3708,0,1,1,0,1,0,0,4,0
3710,1,4,6,2,2,1,0,16,1
3710,1,5,8,3,2,1,0,19,0
3711,0,0,0,0,0,0,0,1,1
3711,0,0,0,0,0,0,0,2,0
3712,0,2,3,0,1,0,0,11,1
3712,0,2,3,0,1,0,0,11,0
3713,0,0,2,0,0,0,0,3,1
3713,0,1,3,0,1,0,0,5,0
3717,1,1,8,7,1,1,0,12,1
3717,1,3,6,4,1,1,0,16,0
3719,0,0,2,0,0,0,0,5,1
3719,0,0,3,0,0,0,0,5,0
3720,0,1,6,1,1,0,0,7,1
3720,0,0,3,1,0,0,0,5,0
3722,1,1,7,0,2,1,0,7,1
3722,1,1,7,0,2,1,0,7,0
3725,0,1,2,0,1,0,0,3,1
3725,0,1,2,0,1,0,0,3,0
3726,0,3,12,0,1,0,0,40,1
3726,0,3,12,0,1,0,0,39,0
3727,0,2,5,4,1,0,0,16,1
3727,0,1,2,3,1,0,0,11,0
3729,1,0,3,0,1,1,0,6,1
3729,1,0,3,0,1,1,0,6,0
3730,0,0,1,0,0,0,0,2,1
3730,0,0,1,0,0,0,0,2,0
3731,0,0,1,0,0,0,0,2,1
3731,0,0,1,0,0,0,0,2,0
3732,0,0,2,0,0,0,0,4,1
3732,0,0,2,0,0,0,0,4,0
3733,0,2,8,1,2,0,0,12,1
3733,0,3,10,1,2,0,0,14,0
3734,0,0,1,1,0,0,0,6,1
3734,0,0,1,1,0,0,0,6,0
3735,0,1,4,1,1,0,0,8,1
3735,0,2,4,1,1,0,0,10,0
3736,0,1,2,1,1,0,0,4,1
3736,0,1,2,0,1,0,0,3,0
3738,4,14,27,5,4,2,0,50,1
3738,4,14,29,5,4,2,0,51,0
3739,0,0,2,0,0,0,0,4,1
3739,0,1,4,0,1,0,0,6,0
3741,0,0,5,2,0,0,0,10,1
3741,0,0,7,2,0,0,0,15,0
3744,0,8,11,0,2,0,0,24,1
3744,0,11,23,0,2,0,0,57,0
3745,1,7,17,0,3,1,1,39,1
3745,1,8,18,0,3,1,1,41,0
3748,3,0,16,2,1,1,0,23,1
3748,3,0,16,2,1,1,0,23,0
3749,0,2,8,0,2,0,0,12,1
3749,0,2,8,0,2,0,0,12,0
3750,0,2,3,0,1,0,0,10,1
3750,0,3,4,0,2,0,0,13,0
3752,0,0,1,0,0,0,0,3,1
3752,0,1,2,0,1,0,0,5,0
3753,0,4,7,1,2,0,0,18,1
3753,0,5,9,1,2,0,0,22,0
3754,0,3,9,6,1,0,0,24,1
3754,0,3,7,6,1,0,0,22,0
3757,1,8,8,3,4,1,0,26,1
3757,1,8,8,3,4,1,0,27,0
3759,0,0,1,0,0,0,0,2,1
3759,0,0,1,0,0,0,0,2,0
3761,0,8,15,0,8,0,0,24,1
3761,0,9,17,0,8,0,0,28,0
3762,0,0,0,0,0,0,0,3,1
3762,0,0,0,0,0,0,0,2,0
3763,0,1,0,0,1,0,0,4,1
3763,0,0,0,0,0,0,0,2,0
3764,2,3,5,0,3,2,0,14,1
3764,2,4,6,0,2,2,0,20,0
3765,0,6,14,3,2,0,0,20,1
3765,0,7,15,3,2,0,0,24,0
3766,1,3,4,0,4,1,0,13,1
3766,1,3,6,0,4,1,0,14,0
3767,0,1,2,2,1,0,0,9,1
3767,0,1,2,2,1,0,0,9,0
3768,0,2,0,0,1,0,0,6,1
3768,0,2,1,0,1,0,0,7,0
3770,0,1,2,1,1,0,0,5,1
3770,0,1,2,1,1,0,0,5,0
3772,0,0,16,0,0,0,0,23,1
3772,0,0,17,0,0,0,0,25,0
3776,0,3,19,0,1,0,0,42,1
3776,0,3,21,0,1,0,0,43,0
3777,0,0,1,3,0,0,0,2,1
3777,0,0,4,3,0,0,0,4,0
3778,0,0,0,0,0,0,0,2,1
3778,0,0,0,0,0,0,0,3,0
3779,1,17,29,9,3,1,0,70,1
3779,1,17,29,9,3,1,0,70,0
3780,3,3,11,0,3,1,0,22,1
3780,3,3,12,0,3,1,0,22,0
3781,0,1,1,0,1,0,0,8,1
3781,0,2,1,0,1,0,0,9,0
3783,7,22,56,6,3,2,0,117,1
3783,7,23,57,6,3,2,0,122,0
3784,0,0,1,0,0,0,0,2,1
3784,0,1,3,0,1,0,0,12,0
3785,2,0,5,0,1,1,0,15,1
3785,2,0,5,0,1,1,0,15,0
3786,0,0,1,0,0,0,0,2,1
3786,0,0,2,0,0,0,0,3,0
3788,0,0,6,0,0,0,0,4,1
3788,0,0,7,0,0,0,0,4,0
3790,5,18,40,4,4,2,0,89,1
3790,5,20,43,4,4,2,0,95,0
3791,0,0,1,1,0,0,0,2,1
3791,0,0,1,0,0,0,0,2,0
3793,0,2,4,0,1,0,0,6,1
3793,0,2,4,0,1,0,0,6,0
3795,1,1,8,1,2,1,0,17,1
3795,1,1,10,1,2,1,0,19,0
3796,1,2,9,0,3,1,0,11,1
3796,1,2,9,0,3,1,0,11,0
3797,1,1,6,0,2,1,1,10,1
3797,1,1,7,0,2,1,1,11,0
3798,0,0,1,2,0,0,0,2,1
3798,0,0,3,2,0,0,0,2,0
3799,0,0,1,2,0,0,0,2,1
3799,0,0,3,2,0,0,0,3,0
3800,0,0,1,1,0,0,0,3,1
3800,0,0,1,0,0,0,0,2,0
3801,1,4,7,5,3,1,1,17,1
3801,1,4,7,5,3,1,1,17,0
3802,0,0,0,0,0,0,0,2,1
3802,0,1,1,0,1,0,0,4,0
3803,0,0,3,0,0,0,0,3,1
3803,0,1,4,0,1,0,0,4,0
3804,0,0,1,0,0,0,0,2,1
3804,0,0,2,0,0,0,0,3,0
3805,0,1,3,0,1,0,0,7,1
3805,0,1,4,0,1,0,0,9,0
3806,0,0,1,0,0,0,0,2,1
3806,1,1,4,1,2,1,0,7,0
3807,0,1,1,0,1,0,0,4,1
3807,0,1,2,0,1,0,0,4,0
3808,0,7,7,0,2,0,0,43,1
3808,0,9,12,0,2,0,0,58,0
3809,0,2,7,0,1,0,0,12,1
3809,0,2,5,0,1,0,0,8,0
3813,1,0,1,0,1,1,0,3,1
3813,1,0,2,0,1,1,0,4,0
3815,0,1,3,0,1,0,0,5,1
3815,0,1,2,0,1,0,0,5,0
3819,0,2,14,3,1,0,0,31,1
3819,0,3,15,4,2,0,0,41,0
3820,0,11,16,1,5,0,0,42,1
3820,0,13,17,2,5,0,0,47,0
3822,1,4,7,1,3,1,0,13,1
3822,1,4,7,1,3,1,0,13,0
3823,2,5,16,7,4,1,0,30,1
3823,2,5,14,7,4,1,0,30,0
3824,0,1,2,0,1,0,0,4,1
3824,0,0,2,0,0,0,0,3,0
3825,1,1,6,0,2,1,0,9,1
3825,1,1,7,0,2,1,0,12,0
3827,0,0,1,0,0,0,0,2,1
3827,0,0,1,0,0,0,0,2,0
3829,1,2,5,0,2,1,0,10,1
3829,1,4,7,0,3,1,0,16,0
3830,6,18,47,4,3,2,0,91,1
3830,6,19,47,5,3,2,0,98,0
3831,0,1,1,0,1,0,0,5,1
3831,0,1,2,0,1,0,0,6,0
3833,0,0,1,0,0,0,0,2,1
3833,0,0,1,0,0,0,0,5,0
3834,0,3,9,4,1,0,0,12,1
3834,0,3,9,1,1,0,0,11,0
3835,1,3,2,0,1,1,0,16,1
3835,1,3,2,0,1,1,0,16,0
3836,0,1,3,0,1,0,0,6,1
3836,0,1,4,0,1,0,0,7,0
3837,0,1,4,1,1,0,0,5,1
3837,0,4,10,1,4,0,0,13,0
3838,0,0,0,0,0,0,0,2,1
3838,0,0,0,0,0,0,0,2,0
3839,0,4,10,1,4,0,0,13,1
3839,0,1,4,1,1,0,0,5,0
3841,0,0,2,2,0,0,0,3,1
3841,0,0,3,2,0,0,0,3,0
3842,0,0,3,0,0,0,0,2,1
3842,0,0,3,0,0,0,0,2,0
3843,2,9,21,10,5,2,0,41,1
3843,2,6,21,4,2,2,0,35,0
3844,0,2,11,0,1,0,0,12,1
3844,0,3,11,0,1,0,0,13,0
3845,0,0,5,0,0,0,0,7,1
3845,0,0,6,1,0,0,0,9,0
3846,2,3,7,2,2,1,0,16,1
3846,2,2,5,2,2,1,0,17,0
3847,0,1,3,0,1,0,0,7,1
3847,0,2,4,0,1,0,0,10,0
3848,0,0,2,0,0,0,0,8,1
3848,0,0,2,0,0,0,0,9,0
3849,1,1,0,2,2,1,0,8,1
3849,1,1,0,2,2,1,0,10,0
3850,0,0,1,0,0,0,0,2,1
3850,0,0,2,0,0,0,0,2,0
3851,0,28,56,3,4,0,0,93,1
3851,0,28,56,3,4,0,0,93,0
3852,0,9,10,0,2,0,0,27,1
3852,0,9,10,0,2,0,0,27,0
3853,1,16,31,6,6,1,0,73,1
3853,1,16,32,6,6,1,0,73,0
3854,0,1,0,1,1,0,0,4,1
3854,0,1,0,1,1,0,0,4,0
3855,0,0,1,0,0,0,0,2,1
3855,0,1,3,0,1,0,0,7,0
3856,0,0,0,0,0,0,0,5,1
3856,0,2,2,0,1,0,0,9,0
3858,0,0,2,0,0,0,0,4,1
3858,0,1,2,0,1,0,0,8,0
3860,0,0,0,0,0,0,0,2,1
3860,0,0,0,0,0,0,0,5,0
3861,0,0,1,1,0,0,0,4,1
3861,0,1,1,1,1,0,0,6,0
3862,0,0,1,1,0,0,0,2,1
3862,0,0,1,0,0,0,0,2,0
3864,0,5,7,1,2,0,0,18,1
3864,0,6,8,1,2,0,0,21,0
3865,1,4,8,4,2,1,0,23,1
3865,1,5,8,6,2,1,0,26,0
3866,0,0,1,0,0,0,0,2,1
3866,0,0,2,0,0,0,0,2,0
3867,1,2,4,0,2,1,0,16,1
3867,1,2,4,0,2,1,0,16,0
3869,0,0,1,0,0,0,0,2,1
3869,0,2,5,0,2,0,0,6,0
3871,0,1,0,0,1,0,0,4,1
3871,0,1,0,0,1,0,0,4,0
3872,0,0,1,0,0,0,0,2,1
3872,0,1,3,0,1,0,0,7,0
3874,0,11,12,4,2,0,0,18,1
3874,0,11,16,4,2,0,0,18,0
3875,0,2,7,5,1,0,0,13,1
3875,0,2,13,5,1,0,0,14,0
3876,0,2,3,0,1,0,0,5,1
3876,0,2,4,0,1,0,0,5,0
3877,3,5,28,1,5,2,0,35,1
3877,3,5,29,1,5,2,0,35,0
3878,0,1,4,0,1,0,0,6,1
3878,0,3,8,0,3,0,0,12,0
3879,0,3,4,0,2,0,0,13,1
3879,0,3,5,0,2,0,0,16,0
3880,0,0,0,0,0,0,0,2,1
3880,0,0,1,0,0,0,0,3,0
3881,0,4,9,0,2,0,0,13,1
3881,0,4,9,0,2,0,0,17,0
3882,3,10,19,14,6,2,0,57,1
3882,3,15,22,19,9,2,0,70,0
3883,1,7,8,5,3,1,0,27,1
3883,1,7,8,5,3,1,0,27,0
3884,0,0,1,0,0,0,0,2,1
3884,0,0,2,0,0,0,0,3,0
3886,3,17,29,11,7,2,0,81,1
3886,3,17,29,11,7,2,0,81,0
3887,0,7,14,0,7,0,0,22,1
3887,0,8,15,0,8,0,0,24,0
3888,0,1,5,0,1,0,0,8,1
3888,0,1,5,0,1,0,0,8,0
3889,1,14,26,9,3,1,0,58,1
3889,1,16,28,9,3,1,0,64,0
3890,0,2,7,2,2,0,0,9,1
3890,0,2,7,2,2,0,0,9,0
3891,1,3,3,3,3,1,0,19,1
3891,1,3,3,3,3,1,0,19,0
3892,0,1,5,0,1,0,0,8,1
3892,0,1,5,0,1,0,0,8,0
3893,4,10,25,3,3,1,0,78,1
3893,4,11,28,3,3,1,0,86,0
3894,0,0,1,2,0,0,0,3,1
3894,0,0,4,2,0,0,0,4,0
3895,0,0,1,0,0,0,0,2,1
3895,0,0,2,0,0,0,0,3,0
3896,0,1,1,0,1,0,0,5,1
3896,0,1,1,0,1,0,0,6,0
3898,0,0,4,0,0,0,0,11,1
3898,0,0,4,0,0,0,0,11,0
3899,0,0,3,0,0,0,0,6,1
3899,0,0,3,0,0,0,0,12,0
3900,0,0,2,0,0,0,0,2,1
3900,0,0,2,0,0,0,0,2,0
3901,1,4,8,1,2,1,0,11,1
3901,1,6,12,2,2,1,0,18,0
3902,1,0,4,0,1,1,0,9,1
3902,1,0,4,0,1,1,0,9,0
3904,0,0,3,1,0,0,0,4,1
3904,0,0,5,1,0,0,0,4,0
3906,0,5,5,0,2,0,0,13,1
3906,0,6,5,0,2,0,0,15,0
3907,0,0,3,1,0,0,0,4,1
3907,0,0,5,1,0,0,0,4,0
3908,0,0,4,0,0,0,0,6,1
3908,0,0,4,0,0,0,0,6,0
3909,0,1,1,0,1,0,0,5,1
3909,0,2,1,0,1,0,0,7,0
3910,0,0,0,0,0,0,0,2,1
3910,0,0,0,0,0,0,0,2,0
3911,0,1,10,3,1,0,0,11,1
3911,0,1,13,3,1,0,0,14,0
3912,0,0,2,0,0,0,0,2,1
3912,0,0,2,0,0,0,0,2,0
3913,0,19,26,10,2,0,0,52,1
3913,0,19,33,5,2,0,0,54,0
3914,0,2,6,0,2,0,0,11,1
3914,0,5,8,1,2,0,0,26,0
3915,0,5,10,0,2,0,1,14,1
3915,0,7,14,0,2,0,1,19,0
3916,0,1,6,0,1,0,0,10,1
3916,0,1,7,0,1,0,0,12,0
3917,0,4,9,0,2,0,1,12,1
3917,0,5,11,0,2,0,1,14,0
3918,0,0,3,1,0,0,0,5,1
3918,0,0,2,1,0,0,0,5,0
3919,1,6,14,4,5,1,0,40,1
3919,1,6,15,4,5,1,0,42,0
3921,0,1,4,0,1,0,0,7,1
3921,0,3,5,0,1,0,0,10,0
3922,0,0,1,0,0,0,0,2,1
3922,0,1,3,0,1,0,0,7,0
3925,0,0,1,0,0,0,0,3,1
3925,0,0,1,0,0,0,0,3,0
3926,0,0,1,0,0,0,0,3,1
3926,0,0,1,0,0,0,0,2,0
3928,0,3,7,0,2,0,0,14,1
3928,0,3,7,0,2,0,0,14,0
3929,0,0,0,0,0,0,0,2,1
3929,0,0,2,0,0,0,0,2,0
3931,0,5,6,0,2,0,0,15,1
3931,0,4,4,0,2,0,0,12,0
3933,0,0,1,0,0,0,0,2,1
3933,0,1,3,0,1,0,0,7,0
3934,0,1,8,0,1,0,0,12,1
3934,0,1,8,0,1,0,0,12,0
3935,0,0,1,0,0,0,0,3,1
3935,0,0,2,0,0,0,0,3,0
3938,0,1,2,1,1,0,0,8,1
3938,0,2,4,1,2,0,0,11,0
3939,1,2,4,0,2,1,0,9,1
3939,1,3,5,0,3,1,0,12,0
3940,0,5,9,2,2,0,0,21,1
3940,0,5,9,2,2,0,0,21,0
3941,0,0,3,0,0,0,0,7,1
3941,0,0,4,0,0,0,0,10,0
3942,0,2,5,0,1,0,0,8,1
3942,0,2,7,0,1,0,0,9,0
3943,4,7,19,2,4,3,0,32,1
3943,4,8,20,2,4,3,0,41,0
3944,1,3,5,0,2,1,0,16,1
3944,1,3,6,0,2,1,0,17,0
3946,0,0,1,2,0,0,0,2,1
3946,0,0,3,2,0,0,0,2,0
3947,0,6,10,2,2,0,0,21,1
3947,0,6,10,2,2,0,0,21,0
3948,2,7,12,0,5,2,0,28,1
3948,2,7,12,0,5,2,0,28,0
3950,0,1,2,1,1,0,0,5,1
3950,0,1,2,1,1,0,0,5,0
3952,0,0,3,0,0,0,0,9,1
3952,0,1,4,0,1,0,0,13,0
3953,0,0,1,0,0,0,0,2,1
3953,0,0,2,0,0,0,0,2,0
3954,0,0,1,0,0,0,0,2,1
3954,0,0,2,0,0,0,0,2,0
3955,0,0,0,0,0,0,0,4,1
3955,0,1,2,0,1,0,0,6,0
3956,0,4,7,7,2,0,0,18,1
3956,0,4,7,7,2,0,0,18,0
3957,0,2,8,0,1,0,0,10,1
3957,0,4,9,0,1,0,0,13,0
3958,0,0,1,0,0,0,0,6,1
3958,0,0,2,0,0,0,0,7,0
3959,1,15,34,10,14,1,0,58,1
3959,1,18,40,10,14,1,0,67,0
3960,1,16,37,10,15,1,0,59,1
3960,1,19,43,10,15,1,0,69,0
3961,0,3,20,2,1,0,0,24,1
3961,0,3,20,2,1,0,0,24,0
3962,0,0,1,0,0,0,0,3,1
3962,0,0,2,0,0,0,0,4,0
3963,0,3,6,0,2,0,0,16,1
3963,0,5,9,0,3,0,0,24,0
3964,1,4,8,4,2,1,0,24,1
3964,1,4,8,4,2,1,0,23,0
3965,0,1,4,0,1,0,0,20,1
3965,0,1,4,0,1,0,0,22,0
3966,0,0,1,0,0,0,0,2,1
3966,0,0,1,0,0,0,0,2,0
3968,1,12,16,0,2,1,0,54,1
3968,1,12,16,0,2,1,0,54,0
3969,0,0,0,1,0,0,0,2,1
3969,1,1,3,1,2,1,0,7,0
3970,0,0,1,0,0,0,0,2,1
3970,0,1,3,0,1,0,0,4,0
3971,0,0,1,0,0,0,0,2,1
3971,0,1,3,0,1,0,0,7,0
3972,0,0,1,0,0,0,0,2,1
3972,0,0,2,0,0,0,0,3,0
3975,0,3,7,7,1,0,0,26,1
3975,0,3,7,7,1,0,0,26,0
3976,0,0,2,0,0,0,0,3,1
3976,0,0,4,1,0,0,0,4,0
3978,0,1,5,0,1,0,0,7,1
3978,0,1,5,0,1,0,0,7,0
3979,1,1,5,1,1,1,0,16,1
3979,1,1,6,1,1,1,0,16,0
3981,0,0,9,0,0,0,0,8,1
3981,0,0,9,0,0,0,0,8,0
3982,0,0,4,0,0,0,0,6,1
3982,0,0,4,0,0,0,0,6,0
3983,0,1,1,1,1,0,0,7,1
3983,0,1,1,1,1,0,0,7,0
3984,0,2,6,1,1,0,0,15,1
3984,0,2,6,1,1,0,0,15,0
3986,0,1,4,1,1,0,0,10,1
3986,0,1,4,1,1,0,0,10,0
3987,1,7,16,3,4,1,0,32,1
3987,1,7,16,3,4,1,0,33,0
3988,0,0,1,0,0,0,0,2,1
3988,0,0,1,0,0,0,0,2,0
3989,0,0,1,0,0,0,0,2,1
3989,0,0,1,0,0,0,0,2,0
3990,0,2,4,1,2,0,0,8,1
3990,0,4,4,2,3,0,0,13,0
3993,0,0,2,0,0,0,0,2,1
3993,0,1,2,0,1,0,0,6,0
3994,0,8,10,0,3,0,0,23,1
3994,0,7,10,0,3,0,0,21,0
3995,0,0,1,0,0,0,0,2,1
3995,0,0,1,0,0,0,0,2,0
3996,2,2,19,3,3,2,0,25,1
3996,2,2,19,3,3,2,0,25,0
3997,0,26,38,0,3,0,0,95,1
3997,0,24,36,0,3,0,0,88,0
3998,0,0,2,0,0,0,0,4,1
3998,0,0,2,0,0,0,0,7,0
3999,0,0,4,0,0,0,0,6,1
3999,0,0,4,0,0,0,0,10,0
4001,0,2,3,0,1,0,0,6,1
4001,0,2,3,0,1,0,0,6,0
4002,6,20,49,5,3,2,0,101,1
4002,6,20,50,5,3,2,0,103,0
4003,0,5,5,2,1,0,0,24,1
4003,0,5,5,2,1,0,0,24,0
4004,3,5,8,3,3,1,0,34,1
4004,3,4,8,1,3,1,0,31,0
4005,2,6,7,0,4,1,0,29,1
4005,2,6,8,0,4,1,0,31,0
4007,0,0,3,0,0,0,0,6,1
4007,0,0,3,0,0,0,0,6,0
4008,0,2,6,2,1,0,0,21,1
4008,0,2,6,2,1,0,0,20,0
4009,0,5,5,0,2,0,0,14,1
4009,0,4,5,0,2,0,0,12,0
4010,1,0,3,0,1,1,0,7,1
4010,1,0,3,0,1,1,0,8,0
4011,0,0,1,0,0,0,0,6,1
4011,0,0,1,0,0,0,0,7,0
4013,1,9,9,3,6,1,0,45,1
4013,1,9,7,3,6,1,0,45,0
4014,0,1,9,1,1,0,0,11,1
4014,0,1,9,1,1,0,0,12,0
4015,0,1,5,0,1,0,0,11,1
4015,0,1,5,0,1,0,0,11,0
4017,1,7,12,3,2,1,0,32,1
4017,1,7,12,3,2,1,0,32,0
4018,0,0,1,0,0,0,0,9,1
4018,0,0,1,0,0,0,0,9,0
4019,0,2,5,0,1,0,0,12,1
4019,0,1,4,0,1,0,0,10,0
4020,0,0,2,0,0,0,0,5,1
4020,0,0,2,0,0,0,0,5,0
4021,0,0,0,0,0,0,0,2,1
4021,0,0,1,0,0,0,0,2,0
4022,0,3,6,1,2,0,0,21,1
4022,0,3,6,1,2,0,0,22,0
4025,3,10,17,13,6,2,0,53,1
4025,3,10,19,14,6,2,0,57,0
4026,3,5,18,4,3,2,0,49,1
4026,3,5,18,4,3,2,0,49,0
4027,2,16,24,4,4,1,1,66,1
4027,2,16,24,4,4,1,0,69,0
4028,0,0,1,0,0,0,0,2,1
4028,0,0,1,0,0,0,0,2,0
4029,2,2,16,7,3,1,0,19,1
4029,2,2,16,7,3,1,0,19,0
4030,1,10,4,2,5,1,0,35,1
4030,1,8,5,3,5,1,0,30,0
4031,0,0,1,0,0,0,0,2,1
4031,0,0,1,0,0,0,0,2,0
4034,0,1,1,0,1,0,0,4,1
4034,0,0,2,0,0,0,0,3,0
4035,0,0,0,1,0,0,0,2,1
4035,0,0,0,2,0,0,0,6,0
4036,0,0,1,0,0,0,0,2,1
4036,0,0,1,0,0,0,0,2,0
4037,0,0,1,0,0,0,0,3,1
4037,0,0,1,0,0,0,0,3,0
4038,0,0,2,0,0,0,0,4,1
4038,0,0,2,0,0,0,0,4,0
4039,5,10,23,13,5,2,0,57,1
4039,5,10,23,13,5,2,0,57,0
4040,0,1,4,0,1,0,0,8,1
4040,0,1,4,0,1,0,0,8,0
4044,0,1,8,0,1,0,0,12,1
4044,0,1,8,0,1,0,0,12,0
4045,0,0,3,1,0,0,0,5,1
4045,0,0,3,1,0,0,0,5,0
4047,1,1,2,1,1,1,0,7,1
4047,0,1,2,0,1,0,0,5,0
4048,0,1,1,0,1,0,0,5,1
4048,0,0,1,0,0,0,0,3,0
4049,5,23,28,24,7,2,0,90,1
4049,3,23,26,14,7,1,0,85,0
4052,1,2,6,1,1,1,0,21,1
4052,1,2,6,1,1,1,0,20,0
4053,0,0,2,0,0,0,0,3,1
4053,0,1,2,0,1,0,0,4,0
4054,5,20,35,7,4,2,1,89,1
4054,5,24,40,9,4,2,1,102,0
4057,1,1,3,0,2,1,0,8,1
4057,1,1,3,0,2,1,0,8,0
4058,0,5,10,0,1,0,0,17,1
4058,0,5,11,0,1,0,0,18,0
4059,0,0,2,0,0,0,0,4,1
4059,0,0,2,0,0,0,0,6,0
4060,0,5,9,0,1,0,0,16,1
4060,0,5,9,0,1,0,0,16,0
4063,0,3,0,0,1,0,0,12,1
4063,0,3,0,0,1,0,0,12,0
4064,1,7,18,3,3,1,0,29,1
4064,1,8,18,3,3,1,0,31,0
4065,0,4,8,0,2,0,0,33,1
4065,0,3,7,0,2,0,0,28,0
4066,0,1,2,1,1,0,0,5,1
4066,0,1,2,1,1,0,0,5,0
4067,1,1,2,2,2,1,0,12,1
4067,1,1,2,2,2,1,0,12,0
4068,0,5,19,0,2,0,0,31,1
4068,0,5,20,0,2,0,0,35,0
4070,0,2,5,0,1,0,0,10,1
4070,0,2,5,0,1,0,0,10,0
4071,0,1,5,5,1,0,0,11,1
4071,0,1,5,5,1,0,0,12,0
4072,0,1,1,0,1,0,0,10,1
4072,1,1,3,0,1,1,0,6,0
4073,0,16,42,1,4,0,1,60,1
4073,0,16,42,1,4,0,1,60,0
4074,0,2,7,0,1,0,0,10,1
4074,0,2,5,0,1,0,0,10,0
4075,0,25,33,0,3,0,0,81,1
4075,0,25,33,0,3,0,0,83,0
4077,0,5,23,2,1,0,0,34,1
4077,0,6,23,2,1,0,0,36,0
4078,0,3,7,0,1,0,0,12,1
4078,0,3,7,0,1,0,0,12,0
4079,1,0,5,2,1,1,0,5,1
4079,0,0,2,0,0,0,0,3,0
4080,0,3,0,0,1,0,0,9,1
4080,0,3,1,0,1,0,0,9,0
4081,1,7,13,3,2,1,0,32,1
4081,1,7,13,3,2,1,0,32,0
4082,1,7,10,1,2,1,0,25,1
4082,1,7,11,1,2,1,0,25,0
4084,0,0,2,0,0,0,0,2,1
4084,0,3,5,0,2,0,0,9,0
4085,0,4,0,0,4,0,0,11,1
4085,0,0,1,0,0,0,0,2,0
4086,0,2,10,0,1,0,0,14,1
4086,0,2,10,0,1,0,0,15,0
4087,0,2,3,0,2,0,0,10,1
4087,0,0,1,0,0,0,0,2,0
4089,0,3,7,2,1,0,0,15,1
4089,0,3,7,2,1,0,0,15,0
4090,0,0,7,0,0,0,0,9,1
4090,0,0,7,0,0,0,0,9,0
4091,0,0,2,0,0,0,0,2,1
4091,0,0,2,0,0,0,0,2,0
4092,1,1,26,0,1,1,0,37,1
4092,1,0,9,2,1,1,0,18,0
4095,0,2,1,2,2,0,0,8,1
4095,0,1,1,2,1,0,0,5,0
4097,1,0,4,0,1,1,0,8,1
4097,1,0,4,0,1,1,0,8,0
4098,0,3,3,2,2,0,0,9,1
4098,0,3,3,3,2,0,0,10,0
4099,0,0,3,5,0,0,0,9,1
4099,0,0,7,7,0,0,0,11,0
4100,0,0,29,0,0,0,0,32,1
4100,0,0,31,0,0,0,0,34,0
4101,0,0,3,0,0,0,0,3,1
4101,0,0,3,0,0,0,0,3,0
4102,0,1,3,0,1,0,0,6,1
4102,0,1,3,0,1,0,0,6,0
4103,0,1,2,0,1,0,0,5,1
4103,0,1,2,0,1,0,0,5,0
4104,0,13,1,3,9,0,0,37,1
4104,0,7,3,20,5,0,0,33,0
4105,0,0,1,0,0,0,0,2,1
4105,0,1,1,0,1,0,0,8,0
4106,0,1,4,1,1,0,0,5,1
4106,0,1,1,0,1,0,0,8,0
4107,8,34,31,32,11,3,1,133,1
4107,8,34,31,32,11,3,1,133,0
4108,0,0,1,1,0,0,0,2,1
4108,0,0,2,1,0,0,0,2,0
4109,0,0,1,1,0,0,0,2,1
4109,0,0,2,1,0,0,0,2,0
4110,0,0,1,0,0,0,0,2,1
4110,0,0,1,1,0,0,0,2,0
4111,0,1,1,0,1,0,0,4,1
4111,0,1,1,0,1,0,0,5,0
4115,0,1,3,0,1,0,0,5,1
4115,0,1,2,0,1,0,0,5,0
4117,1,11,27,1,4,1,0,51,1
4117,1,11,25,1,4,1,0,51,0
4118,0,1,10,0,1,0,0,14,1
4118,0,1,12,0,1,0,0,16,0
4119,0,1,5,0,1,0,0,5,1
4119,0,0,2,0,0,0,0,2,0
4120,0,2,8,0,2,0,0,11,1
4120,0,2,8,0,2,0,0,11,0
4122,0,0,1,0,0,0,0,2,1
4122,0,0,1,0,0,0,0,2,0
4123,0,0,2,0,0,0,0,2,1
4123,0,0,2,0,0,0,0,4,0
4124,1,0,8,0,1,1,0,12,1
4124,1,0,8,0,1,1,0,13,0
4126,0,2,4,0,1,0,0,8,1
4126,0,2,3,0,1,0,0,8,0
4128,0,2,7,0,2,0,0,11,1
4128,0,2,7,0,2,0,0,11,0
4129,0,1,3,0,1,0,0,4,1
4129,0,0,2,0,0,0,0,5,0
4130,2,12,23,2,3,1,0,36,1
4130,2,12,23,2,3,1,0,36,0
4131,0,2,5,2,1,0,0,9,1
4131,0,2,5,2,1,0,0,9,0
4132,0,0,7,0,0,0,0,4,1
4132,0,0,7,0,0,0,0,4,0
4133,0,0,3,0,0,0,0,9,1
4133,0,0,3,0,0,0,0,9,0
4134,0,1,3,0,1,0,0,5,1
4134,0,1,2,0,1,0,0,5,0
4135,1,2,6,2,2,1,0,30,1
4135,1,2,6,2,2,1,0,32,0
4138,0,3,4,0,2,0,0,11,1
4138,0,3,4,0,2,0,0,9,0
4139,1,1,7,0,1,1,0,13,1
4139,1,1,7,0,1,1,0,14,0
4140,0,3,8,0,2,0,0,7,1
4140,0,1,5,0,1,0,0,6,0
4141,0,1,3,2,1,0,0,11,1
4141,0,1,2,0,1,0,0,9,0
4142,1,1,7,1,1,1,0,8,1
4142,0,0,2,0,0,0,0,5,0
4144,0,0,2,0,0,0,0,3,1
4144,0,0,2,0,0,0,0,2,0
4145,0,1,3,0,1,0,0,7,1
4145,0,1,2,0,1,0,0,5,0
4146,0,5,11,2,2,0,0,29,1
4146,0,2,8,0,1,0,0,16,0
4147,0,14,9,12,4,0,0,39,1
4147,0,14,9,12,4,0,0,40,0
4148,1,15,13,4,6,1,0,49,1
4148,1,11,7,3,6,1,0,42,0
4149,0,0,0,0,0,0,0,3,1
4149,0,0,0,0,0,0,0,4,0
4150,0,0,5,4,0,0,0,11,1
4150,0,0,3,2,0,0,0,5,0
4152,0,0,2,0,0,0,0,2,1
4152,0,0,2,0,0,0,0,3,0
4153,0,1,3,0,1,0,0,5,1
4153,0,1,2,0,1,0,0,5,0
4154,0,1,6,0,1,0,0,8,1
4154,0,1,6,0,1,0,0,10,0
4155,0,0,2,0,0,0,0,2,1
4155,0,0,2,0,0,0,0,2,0
4157,0,8,19,2,2,0,0,37,1
4157,0,9,19,2,2,0,0,39,0
4158,0,0,6,3,0,0,0,12,1
4158,0,0,6,3,0,0,0,12,0
4160,2,0,6,4,2,2,0,6,1
4160,2,0,6,4,2,2,0,6,0
4161,0,0,1,0,0,0,0,2,1
4161,0,2,3,0,2,0,0,7,0
4162,0,4,5,0,2,0,0,12,1
4162,0,4,5,0,2,0,0,12,0
4163,0,0,5,1,0,0,0,4,1
4163,0,0,4,1,0,0,0,4,0
4164,0,0,4,0,0,0,0,4,1
4164,0,0,3,0,0,0,0,4,0
4166,1,13,35,0,2,1,0,43,1
4166,1,13,35,0,2,1,0,45,0
4167,0,1,2,0,1,0,0,5,1
4167,0,1,2,0,1,0,0,5,0
4168,0,0,1,0,0,0,0,2,1
4168,0,0,1,0,0,0,0,2,0
4169,0,6,19,0,3,0,0,25,1
4169,0,6,19,0,3,0,0,27,0
4170,0,0,1,0,0,0,0,2,1
4170,0,0,4,0,0,0,0,4,0
4172,0,0,1,0,0,0,0,2,1
4172,0,0,1,0,0,0,0,2,0
4173,0,6,5,0,2,0,0,19,1
4173,0,6,7,0,2,0,0,19,0
4174,1,0,3,0,1,1,0,7,1
4174,1,0,3,0,1,1,0,8,0
4176,1,7,11,0,4,1,1,29,1
4176,1,7,11,0,4,1,1,29,0
4177,0,4,17,0,2,0,0,18,1
4177,0,5,18,0,2,0,0,20,0
4178,0,0,5,1,0,0,0,4,1
4178,0,0,4,1,0,0,0,4,0
4180,1,2,8,2,2,1,0,11,1
4180,0,3,4,0,2,0,0,10,0
4182,2,7,15,14,4,1,0,43,1
4182,2,7,15,14,4,1,0,44,0
4183,1,0,3,0,1,1,0,8,1
4183,1,0,3,0,1,1,0,8,0
4184,0,2,3,0,1,0,0,6,1
4184,0,3,4,0,1,0,0,8,0
4185,1,7,18,3,3,1,0,29,1
4185,1,8,19,3,3,1,0,32,0
4186,0,2,5,0,1,0,0,7,1
4186,0,2,6,0,1,0,0,9,0
4187,0,0,6,3,0,0,0,12,1
4187,0,0,6,3,0,0,0,12,0
4188,4,19,31,6,4,2,1,78,1
4188,4,19,31,6,4,2,1,78,0
4192,0,0,1,0,0,0,0,3,1
4192,0,0,1,0,0,0,0,3,0
4195,0,2,3,1,1,0,0,7,1
4195,0,2,3,0,1,0,0,7,0
4196,0,4,5,5,1,0,0,10,1
4196,0,5,7,5,1,0,0,12,0
4197,0,0,2,0,0,0,0,4,1
4197,0,0,2,0,0,0,0,4,0
4198,0,1,2,0,1,0,0,5,1
4198,0,0,0,0,0,0,0,2,0
4200,0,0,1,0,0,0,0,2,1
4200,0,1,3,0,1,0,0,5,0
4201,0,4,5,0,2,0,0,19,1
4201,0,4,5,0,2,0,0,19,0
4204,0,3,8,1,2,0,0,23,1
4204,0,3,8,1,2,0,0,23,0
4205,0,0,1,0,0,0,0,2,1
4205,0,0,1,0,0,0,0,2,0
4206,3,9,26,8,2,1,0,67,1
4206,3,10,28,8,2,1,0,70,0
4210,0,1,1,0,1,0,0,7,1
4210,0,0,2,0,0,0,0,7,0
4211,0,0,1,0,0,0,0,2,1
4211,0,1,1,1,1,0,0,5,0
4213,0,0,1,1,0,0,0,2,1
4213,0,0,2,1,0,0,0,2,0
4214,0,1,2,4,1,0,0,6,1
4214,0,1,2,3,1,0,0,6,0
4216,0,0,0,0,0,0,0,3,1
4216,0,0,0,0,0,0,0,3,0
4217,0,0,0,0,0,0,0,2,1
4217,0,0,0,0,0,0,0,2,0
4221,0,2,5,2,1,0,0,11,1
4221,0,2,5,2,1,0,0,11,0
4223,0,3,7,3,2,0,0,17,1
4223,0,3,7,3,2,0,0,19,0
4224,0,0,3,0,0,0,0,11,1
4224,0,0,3,0,0,0,0,11,0
4226,0,0,0,0,0,0,0,6,1
4226,0,0,0,1,0,0,0,8,0
4227,0,0,0,0,0,0,0,3,1
4227,0,0,2,0,0,0,0,3,0
4228,3,11,26,1,3,2,0,55,1
4228,3,11,26,1,3,2,0,55,0
4230,0,4,7,0,3,0,0,17,1
4230,0,4,7,0,3,0,0,18,0
4231,0,5,4,0,2,0,0,16,1
4231,0,4,5,0,2,0,0,12,0
4232,0,0,1,0,0,0,0,2,1
4232,0,0,2,0,0,0,0,6,0
4233,1,0,3,3,1,1,0,13,1
4233,1,0,3,3,1,1,0,16,0
4234,0,1,3,0,1,0,0,6,1
4234,0,2,4,0,1,0,0,11,0
4235,0,0,2,3,0,0,0,2,1
4235,0,0,2,1,0,0,0,3,0
4236,1,2,3,0,3,1,0,11,1
4236,1,3,7,0,3,1,0,18,0
4237,0,0,0,1,0,0,0,1,1
4237,0,1,1,0,1,0,0,4,0
4239,0,0,2,0,0,0,0,2,1
4239,0,0,2,0,0,0,0,2,0
4240,0,28,14,2,5,0,0,86,1
4240,0,15,10,2,5,0,0,48,0
4241,0,7,8,0,2,0,0,19,1
4241,0,7,8,0,2,0,0,19,0
4242,1,25,53,3,4,1,1,130,1
4242,1,25,53,3,4,1,1,131,0
4243,1,5,10,0,3,1,0,20,1
4243,2,5,13,0,5,2,0,23,0
4246,0,0,4,0,0,0,0,5,1
4246,0,0,4,0,0,0,0,8,0
4247,0,3,3,2,1,0,0,10,1
4247,0,3,3,2,1,0,0,10,0
4248,0,0,3,0,0,0,0,8,1
4248,0,0,3,0,0,0,0,9,0
4249,0,2,10,0,1,0,0,23,1
4249,0,3,12,2,1,0,0,28,0
4250,1,11,32,0,2,1,0,56,1
4250,1,12,16,0,2,1,0,54,0
4251,0,2,0,0,1,0,0,10,1
4251,0,2,2,0,1,0,0,11,0
4252,0,1,1,0,1,0,0,9,1
4252,0,2,5,0,1,0,0,16,0
4253,0,0,3,1,0,0,0,3,1
4253,0,1,3,3,1,0,0,9,0
4255,1,3,1,0,2,1,0,17,1
4255,1,3,2,0,2,1,0,16,0
4258,0,2,8,6,2,0,0,19,1
4258,0,2,4,6,2,0,0,14,0
4259,1,3,2,13,3,1,0,19,1
4259,2,1,2,0,2,1,0,8,0
4260,3,12,18,10,3,2,0,49,1
4260,1,12,17,4,3,1,0,46,0
4261,1,1,8,0,2,1,0,14,1
4261,1,1,9,0,2,1,0,14,0
4262,0,1,1,1,1,0,0,5,1
4262,0,1,1,1,1,0,0,7,0
4263,2,12,13,9,6,1,0,42,1
4263,2,14,13,3,6,1,0,45,0
4264,0,0,0,0,0,0,0,155,1
4264,0,0,0,0,0,0,0,157,0
4265,0,0,2,0,0,0,0,2,1
4265,0,1,3,0,1,0,0,8,0
4266,0,2,5,0,2,0,0,7,1
4266,0,2,5,0,1,0,0,8,0
4267,0,0,2,0,0,0,0,4,1
4267,2,0,7,1,2,2,0,12,0
4268,2,4,6,10,4,1,0,21,1
4268,2,5,7,8,5,1,0,24,0
4269,1,24,24,6,6,1,0,72,1
4269,0,10,4,4,3,0,0,34,0
4272,0,0,1,0,0,0,0,2,1
4272,0,0,1,0,0,0,0,2,0
4273,3,11,13,1,5,2,0,34,1
4273,0,2,5,0,1,0,0,12,0
4275,1,2,4,3,3,1,0,10,1
4275,0,0,1,0,0,0,0,2,0
4277,0,13,7,0,4,0,0,30,1
4277,0,7,10,0,3,0,0,21,0
4279,1,3,5,0,2,1,0,10,1
4279,1,3,5,0,2,1,0,10,0
4280,3,5,20,2,3,1,0,27,1
4280,2,5,21,2,2,1,0,26,0
4281,1,0,2,0,1,1,0,3,1
4281,2,4,3,0,5,2,0,14,0
4282,0,0,2,0,0,0,0,2,1
4282,0,1,2,0,1,0,0,6,0
4283,1,1,2,2,2,1,0,11,1
4283,1,2,2,2,3,1,0,13,0
4284,0,2,8,0,2,0,0,20,1
4284,0,1,8,0,1,0,0,19,0
4286,0,0,2,0,0,0,0,2,1
4286,0,1,2,0,1,0,0,6,0
4287,1,3,9,0,2,1,0,22,1
4287,0,2,6,0,2,0,0,16,0
4288,0,0,32,0,0,0,0,35,1
4288,0,0,31,0,0,0,0,34,0
4289,0,1,2,0,1,0,0,4,1
4289,0,1,1,0,1,0,0,4,0
4290,0,3,6,0,1,0,0,13,1
4290,0,3,6,0,1,0,0,13,0
4291,2,7,12,0,5,2,0,28,1
4291,2,7,12,0,5,2,0,28,0
4292,0,8,12,0,3,0,0,23,1
4292,0,7,12,0,3,0,0,21,0
4293,0,5,7,5,3,0,0,17,1
4293,0,7,15,7,4,0,0,27,0
4294,0,8,9,16,2,0,0,28,1
4294,0,8,9,16,2,0,0,28,0
4295,1,1,3,1,2,1,0,8,1
4295,1,1,3,1,2,1,0,8,0
4297,0,0,1,1,0,0,0,3,1
4297,0,0,1,0,0,0,0,3,0
4299,0,0,1,0,0,0,0,3,1
4299,1,0,1,1,1,1,0,5,0
4301,1,1,3,1,2,1,0,10,1
4301,0,0,3,2,0,0,0,5,0
4302,0,0,9,0,0,0,0,12,1
4302,0,1,6,0,1,0,0,10,0
4303,0,5,4,5,3,0,0,15,1
4303,0,2,3,1,1,0,0,16,0
4304,1,5,10,7,2,1,0,22,1
4304,1,7,5,4,2,1,0,27,0
4307,0,0,1,0,0,0,0,2,1
4307,0,0,2,0,0,0,0,2,0
4308,0,7,9,1,1,0,0,31,1
4308,0,7,9,1,1,0,0,31,0
4311,1,1,1,0,2,1,0,8,1
4311,1,1,1,0,2,1,0,8,0
4312,1,9,9,2,3,1,0,40,1
4312,1,12,14,2,4,1,0,54,0
4313,0,3,11,0,2,0,0,10,1
4313,0,4,12,0,2,0,0,13,0
4314,0,4,10,4,1,0,0,21,1
4314,0,3,7,4,1,0,0,19,0
4319,0,0,4,1,0,0,0,5,1
4319,0,0,4,1,0,0,0,5,0
4320,0,1,6,0,1,0,0,11,1
4320,0,1,6,0,1,0,0,11,0
4322,0,11,14,1,3,0,0,41,1
4322,0,11,14,1,3,0,0,41,0
4323,0,0,2,0,0,0,0,6,1
4323,0,0,2,0,0,0,0,7,0
4324,0,0,1,1,0,0,0,4,1
4324,0,0,2,1,0,0,0,4,0
4326,2,8,13,0,6,2,0,29,1
4326,2,8,13,0,6,2,0,29,0
4327,3,5,9,0,2,2,1,21,1
4327,3,5,9,0,2,2,1,21,0
4328,0,1,1,1,1,0,0,8,1
4328,0,1,0,1,1,0,0,6,0
4329,0,0,1,2,0,0,0,4,1
4329,0,1,0,1,1,0,0,5,0
4330,0,0,1,0,0,0,0,2,1
4330,0,0,1,0,0,0,0,2,0
4331,0,5,9,1,4,0,0,17,1
4331,2,4,5,0,3,2,0,16,0
4332,1,0,6,8,1,1,0,17,1
4332,0,0,4,0,0,0,0,5,0
4334,0,13,7,0,4,0,0,30,1
4334,0,7,10,0,3,0,0,21,0
4335,0,11,15,2,2,0,0,37,1
4335,0,5,10,2,1,0,0,18,0
4336,0,0,3,0,0,0,0,5,1
4336,0,0,3,0,0,0,0,5,0
4338,0,1,9,0,1,0,0,18,1
4338,0,1,9,0,1,0,0,18,0
4339,2,19,37,2,2,1,0,65,1
4339,1,32,47,3,4,1,0,97,0
4340,0,24,33,0,3,0,0,76,1
4340,0,24,33,0,3,0,0,78,0
4341,0,10,17,0,3,0,0,23,1
4341,0,10,18,0,3,0,0,24,0
4342,0,5,8,0,3,0,0,13,1
4342,0,18,29,0,3,0,0,50,0
4344,0,0,1,0,0,0,0,3,1
4344,0,1,6,0,1,0,0,8,0
4346,0,0,2,0,0,0,0,2,1
4346,0,0,2,0,0,0,0,2,0
4348,0,0,4,0,0,0,0,5,1
4348,0,0,5,0,0,0,0,6,0
4349,0,3,4,3,2,0,0,8,1
4349,0,2,1,1,2,0,0,7,0
4350,0,2,4,1,1,0,0,17,1
4350,1,1,6,1,1,1,0,11,0
4351,0,0,0,0,0,0,0,2,1
4351,0,0,0,0,0,0,0,2,0
4352,0,1,3,0,1,0,0,6,1
4352,0,1,3,0,1,0,0,6,0
4353,0,0,2,0,0,0,0,5,1
4353,0,0,2,0,0,0,0,6,0
4354,0,0,1,0,0,0,0,3,1
4354,0,0,1,0,0,0,0,3,0
4356,0,0,1,0,0,0,0,3,1
4356,0,0,1,0,0,0,0,3,0
4357,3,4,8,1,3,1,0,31,1
4357,3,7,11,2,3,1,0,40,0
4359,1,5,4,2,4,1,0,27,1
4359,1,5,4,2,4,1,0,27,0
4360,0,0,2,0,0,0,0,3,1
4360,0,2,3,0,2,0,0,5,0
4361,0,0,1,0,0,0,0,7,1
4361,0,0,1,0,0,0,0,8,0
4362,0,1,4,0,1,0,0,10,1
4362,0,1,4,0,1,0,0,11,0
4364,0,3,7,4,3,0,0,20,1
4364,0,4,10,4,3,0,0,19,0
4365,0,0,8,2,0,0,0,8,1
4365,0,0,8,2,0,0,0,9,0
4366,0,0,3,2,0,0,0,6,1
4366,1,0,4,3,1,1,0,10,0
4367,0,4,5,4,3,0,0,17,1
4367,0,4,5,4,3,0,0,17,0
4369,0,0,0,0,0,0,0,4,1
4369,0,0,0,0,0,0,0,4,0
4370,0,0,0,0,0,0,0,2,1
4370,0,1,1,0,1,0,0,4,0
4372,0,0,0,0,0,0,0,3,1
4372,0,0,0,0,0,0,0,4,0
4374,4,13,19,10,3,1,0,56,1
4374,4,15,20,10,5,1,0,61,0
4375,0,3,9,0,2,0,0,16,1
4375,0,4,15,0,1,0,0,31,0
4376,2,37,60,4,5,2,0,121,1
4376,0,5,15,0,2,0,0,24,0
4378,0,0,1,0,0,0,0,2,1
4378,0,1,7,0,1,0,0,9,0
4380,0,2,2,1,2,0,0,10,1
4380,0,2,2,1,2,0,0,10,0
4381,0,1,4,1,1,0,0,6,1
4381,0,2,5,1,1,0,0,10,0
4382,2,7,21,4,3,1,0,35,1
4382,2,7,22,4,3,1,0,35,0
4383,1,0,1,0,1,1,0,4,1
4383,1,1,2,0,1,1,0,6,0
4386,0,4,11,0,1,0,0,16,1
4386,0,5,14,0,2,0,0,18,0
4387,0,0,1,0,0,0,0,2,1
4387,0,0,1,0,0,0,0,2,0
4388,0,2,9,0,1,0,0,12,1
4388,0,1,7,0,1,0,0,10,0
4389,0,3,6,0,1,0,0,18,1
4389,0,4,7,0,1,0,0,22,0
4390,0,6,5,0,2,0,0,16,1
4390,0,4,5,0,2,0,0,12,0
4391,0,0,0,0,0,0,0,3,1
4391,0,0,0,0,0,0,0,3,0
4393,1,0,3,4,1,1,0,15,1
4393,1,0,3,3,1,1,0,13,0
4394,0,0,1,0,0,0,0,2,1
4394,0,1,3,0,1,0,0,7,0
4396,4,3,7,0,4,3,0,24,1
4396,4,3,7,0,4,3,0,26,0
4397,0,12,13,2,3,0,0,38,1
4397,0,10,9,0,2,0,0,29,0
4398,1,2,7,0,2,1,0,10,1
4398,1,2,7,0,2,1,0,11,0
4400,1,4,6,0,3,1,0,14,1
4400,1,5,7,0,3,1,0,19,0
4401,0,1,1,0,1,0,0,6,1
4401,0,3,1,0,1,0,0,17,0
4402,0,0,1,0,0,0,0,2,1
4402,0,0,1,0,0,0,0,3,0
4404,0,2,2,0,1,0,0,6,1
4404,0,2,2,0,1,0,0,6,0
4405,1,3,2,3,3,1,0,11,1
4405,0,1,2,0,1,0,0,5,0
4407,0,1,2,0,1,0,0,3,1
4407,1,2,3,1,2,1,0,9,0
4411,0,18,29,0,3,0,0,50,1
4411,0,15,26,0,3,0,0,43,0
4412,0,3,5,0,2,0,0,17,1
4412,0,2,5,0,1,0,0,16,0
4413,1,4,2,4,3,1,0,12,1
4413,0,1,2,1,1,0,0,6,0
4415,1,1,0,0,2,1,0,6,1
4415,1,1,0,0,2,1,0,5,0
4416,1,0,1,0,1,1,0,4,1
4416,1,1,2,0,2,1,0,7,0
4417,0,3,4,0,2,0,0,9,1
4417,0,2,4,0,2,0,0,7,0
4418,0,0,1,1,0,0,0,2,1
4418,0,1,1,0,1,0,0,5,0
4419,2,6,7,0,4,1,0,29,1
4419,2,6,6,0,4,1,0,29,0
4421,0,0,1,0,0,0,0,2,1
4421,1,1,4,1,2,1,0,7,0
4422,1,1,3,0,2,1,0,6,1
4422,1,2,2,0,3,1,0,7,0
4423,0,0,2,0,0,0,0,6,1
4423,0,0,2,0,0,0,0,4,0
4424,0,0,5,0,0,0,0,6,1
4424,0,0,1,0,0,0,0,2,0
4425,0,3,5,3,1,0,0,10,1
4425,0,1,2,0,1,0,0,5,0
4426,0,11,27,14,4,0,0,51,1
4426,0,11,29,13,4,0,0,52,0
4429,0,3,4,3,1,0,0,10,1
4429,0,3,4,3,1,0,0,11,0
4430,0,1,4,0,1,0,0,7,1
4430,0,1,4,0,1,0,0,9,0
4431,0,5,7,9,3,0,0,32,1
4431,0,3,4,7,2,0,0,25,0
4432,0,4,6,3,2,0,0,12,1
4432,0,4,5,2,2,0,0,11,0
4433,3,15,39,3,4,2,0,63,1
4433,5,16,36,5,4,2,0,91,0
4435,0,1,2,0,1,0,0,7,1
4435,0,2,4,0,2,0,0,14,0
4437,1,3,6,1,4,1,0,12,1
4437,1,3,6,1,4,1,0,12,0
4438,0,5,5,0,2,0,0,22,1
4438,0,6,7,0,2,0,0,28,0
4439,0,1,0,3,1,0,0,4,1
4439,0,2,0,5,1,0,0,7,0
4440,1,2,18,1,2,1,0,25,1
4440,1,2,8,2,2,1,0,29,0
4441,0,1,2,0,1,0,0,5,1
4441,0,1,2,0,1,0,0,5,0
4442,1,3,6,0,2,1,0,15,1
4442,0,3,2,1,3,0,0,8,0
4443,0,12,34,1,2,0,0,58,1
4443,0,13,25,0,2,0,0,48,0
4454,0,0,1,1,0,0,0,2,1
4454,0,1,3,0,1,0,0,3,0
4455,0,1,7,0,1,0,0,6,1
4455,0,2,12,0,1,0,0,10,0
4457,0,0,1,0,0,0,0,4,1
4457,0,0,1,0,0,0,0,4,0
4459,1,1,3,4,2,1,0,7,1
4459,1,2,5,0,3,1,0,10,0
4462,0,4,4,7,2,0,0,13,1
4462,0,4,4,7,2,0,0,14,0
4466,0,1,5,3,1,0,0,10,1
4466,0,1,6,3,1,0,0,13,0
4467,2,2,5,1,2,1,0,12,1
4467,2,2,4,1,2,1,0,12,0
4468,1,6,27,8,3,1,0,55,1
4468,1,6,32,8,3,1,0,62,0
4469,10,33,73,54,5,3,0,194,1
4469,10,33,73,55,5,3,0,194,0
4470,0,3,6,0,3,0,0,15,1
4470,0,3,5,0,3,0,0,15,0
4472,0,0,0,0,0,0,0,8,1
4472,0,0,0,0,0,0,0,7,0
4475,0,3,18,11,1,0,0,34,1
4475,0,3,15,11,1,0,0,31,0
4476,0,4,7,5,2,0,0,17,1
4476,0,4,7,5,2,0,0,17,0
4477,0,3,9,1,2,0,0,14,1
4477,0,3,9,2,2,0,0,13,0
4478,0,4,9,0,3,0,0,31,1
4478,0,8,13,0,3,0,0,43,0
4479,0,1,2,0,1,0,0,13,1
4479,0,1,2,0,1,0,0,12,0
4480,0,22,50,3,3,0,0,100,1
4480,0,25,52,3,3,0,0,113,0
4481,0,0,2,1,0,0,0,6,1
4481,0,0,1,1,0,0,0,2,0
4482,0,0,12,4,0,0,0,16,1
4482,0,0,13,4,0,0,0,16,0
4483,0,2,7,0,1,0,0,17,1
4483,0,2,7,0,1,0,0,16,0
4484,0,8,15,6,2,0,0,28,1
4484,0,8,14,6,2,0,0,27,0
4485,0,1,9,5,1,0,0,15,1
4485,0,1,9,5,1,0,0,15,0
4488,0,9,23,4,5,0,0,35,1
4488,0,6,19,3,5,0,0,30,0
4489,1,20,35,6,5,1,0,94,1
4489,1,20,35,6,5,1,0,94,0
4490,1,2,2,6,2,1,0,18,1
4490,1,2,2,6,2,1,0,18,0
4491,0,2,14,0,1,0,0,34,1
4491,0,1,11,0,1,0,0,31,0
4492,0,3,17,2,1,0,0,22,1
4492,0,3,16,2,1,0,0,21,0
4495,0,0,0,0,0,0,0,4,1
4495,0,0,0,0,0,0,0,4,0
4496,0,1,5,0,1,0,0,16,1
4496,0,1,5,0,1,0,0,17,0
4497,1,33,65,27,7,1,0,157,1
4497,1,33,65,27,7,1,0,157,0
4498,1,5,22,4,3,1,0,50,1
4498,1,7,25,5,4,1,0,59,0
4500,1,0,5,0,1,1,0,11,1
4500,1,0,5,0,1,1,0,11,0
4502,0,1,1,0,1,0,0,5,1
4502,0,2,2,0,1,0,0,10,0
4504,1,0,3,0,1,1,0,4,1
4504,1,0,3,0,1,1,0,4,0
4505,2,3,28,11,3,1,0,37,1
4505,2,3,27,11,3,1,0,36,0
4506,2,6,21,0,3,1,0,32,1
4506,2,6,22,0,3,1,0,35,0
4507,0,0,2,0,0,0,0,27,1
4507,0,0,2,0,0,0,0,25,0
4508,0,1,2,0,1,0,0,14,1
4508,0,1,2,0,1,0,0,14,0
4509,0,1,13,0,1,0,0,14,1
4509,0,1,13,0,1,0,0,14,0
4510,1,4,9,1,2,1,0,21,1
4510,1,5,13,2,2,1,0,30,0
4511,2,2,15,1,3,2,0,22,1
4511,2,2,14,1,3,2,0,21,0
4512,0,1,20,0,1,0,0,18,1
4512,0,1,20,0,1,0,0,18,0
4513,0,0,0,0,0,0,0,20,1
4513,0,0,0,0,0,0,0,20,0
4514,0,6,15,3,2,0,0,28,1
4514,0,6,15,3,2,0,0,29,0
4516,0,2,5,0,1,0,0,9,1
4516,0,2,4,0,1,0,0,8,0
4517,0,0,0,0,0,0,0,2,1
4517,0,0,0,0,0,0,0,3,0
4518,2,6,22,0,3,1,0,35,1
4518,2,6,23,0,3,1,0,35,0
4520,1,7,16,6,2,1,0,45,1
4520,1,9,18,6,2,1,0,52,0
4521,0,0,0,0,0,0,0,10,1
4521,0,0,0,0,0,0,0,12,0
4522,1,3,10,0,2,1,0,12,1
4522,1,3,11,0,3,1,0,11,0
4523,0,0,0,0,0,0,0,4,1
4523,0,0,0,0,0,0,0,6,0
4524,2,8,29,16,2,1,0,51,1
4524,2,8,29,16,2,1,0,51,0
4525,0,4,7,8,1,0,0,43,1
4525,0,4,7,8,1,0,0,43,0
4527,0,0,0,0,0,0,0,7,1
4527,0,0,0,0,0,0,0,11,0
4528,0,0,8,0,0,0,0,12,1
4528,0,0,7,0,0,0,0,11,0
4529,0,0,0,0,0,0,0,20,1
4529,0,0,0,0,0,0,0,20,0
4530,0,4,6,9,2,0,0,18,1
4530,0,5,6,9,2,0,0,25,0
4531,0,1,2,0,1,0,0,5,1
4531,0,1,1,0,1,0,0,4,0
4532,0,1,1,0,1,0,0,4,1
4532,0,1,1,0,1,0,0,4,0
4533,0,12,24,7,3,0,0,54,1
4533,0,12,24,8,3,0,0,54,0
4534,1,7,20,5,3,1,0,38,1
4534,1,7,20,5,3,1,0,38,0
4535,0,0,2,0,0,0,0,7,1
4535,0,0,3,0,0,0,0,7,0
4537,1,0,15,1,1,1,0,18,1
4537,1,0,14,1,1,1,0,17,0
4538,0,4,11,0,1,0,0,17,1
4538,0,4,10,0,1,0,0,16,0
4539,0,2,23,1,1,0,0,25,1
4539,0,2,22,1,1,0,0,24,0
4540,0,4,21,6,3,0,0,34,1
4540,0,4,21,6,3,0,0,34,0
4541,3,1,6,2,3,3,0,14,1
4541,3,1,7,2,3,3,0,15,0
4542,0,1,11,3,1,0,0,21,1
4542,0,1,12,3,1,0,0,21,0
4543,0,0,5,0,0,0,0,4,1
4543,0,0,5,0,0,0,0,3,0
4544,0,1,5,0,1,0,0,7,1
4544,0,1,2,3,1,0,0,9,0
4545,1,2,18,2,2,1,0,43,1
4545,1,3,20,2,2,1,0,45,0
4546,0,3,8,4,2,0,0,19,1
4546,0,3,8,2,2,0,0,18,0
4547,0,3,8,4,2,0,0,19,1
4547,0,3,7,2,2,0,0,18,0
4548,0,1,4,0,1,0,0,11,1
4548,0,0,4,0,0,0,0,9,0
4550,0,2,7,0,2,0,0,11,1
4550,0,2,8,0,2,0,0,12,0
4551,0,0,1,0,0,0,0,14,1
4551,0,0,1,0,0,0,0,14,0
4552,0,0,0,0,0,0,0,6,1
4552,0,0,0,0,0,0,0,4,0
4553,1,3,24,12,2,1,0,38,1
4553,0,0,3,7,0,0,0,7,0
4554,1,5,14,2,2,1,0,25,1
4554,1,3,10,2,1,1,0,16,0
4555,1,6,22,1,2,1,0,30,1
4555,1,6,23,1,2,1,0,33,0
4556,0,1,7,0,1,0,0,13,1
4556,0,1,7,0,1,0,0,13,0
4557,3,1,15,14,2,2,0,31,1
4557,1,2,8,9,2,1,0,25,0
4559,0,0,1,0,0,0,0,5,1
4559,0,0,2,0,0,0,0,5,0
4560,1,0,18,7,1,1,0,19,1
4560,1,0,18,7,1,1,0,22,0
4561,0,1,4,1,1,0,0,7,1
4561,0,1,4,1,1,0,0,7,0
4562,1,6,45,3,3,1,0,50,1
4562,1,6,44,3,3,1,0,49,0
4563,1,0,2,3,1,1,0,5,1
4563,1,0,2,3,1,1,0,5,0
4564,0,3,8,1,2,0,0,14,1
4564,0,3,8,2,2,0,0,13,0
4568,0,8,17,5,4,0,0,45,1
4568,0,6,14,5,2,0,0,38,0
4569,1,1,9,0,2,1,0,11,1
4569,1,1,11,0,2,1,0,20,0
4570,1,9,29,29,4,1,0,54,1
4570,1,11,30,29,4,1,0,66,0
4571,0,0,0,0,0,0,0,17,1
4571,0,0,0,0,0,0,0,17,0
4573,0,1,4,1,1,0,0,5,1
4573,0,1,8,3,1,0,0,8,0
4574,0,1,5,1,1,0,0,7,1
4574,0,1,5,1,1,0,0,7,0
4575,0,0,3,0,0,0,0,6,1
4575,0,0,3,0,0,0,0,5,0
4576,0,1,5,9,1,0,0,15,1
4576,0,1,5,9,1,0,0,15,0
4577,0,9,19,2,4,0,0,61,1
4577,0,9,19,2,4,0,0,61,0
4578,0,1,16,0,1,0,0,30,1
4578,0,1,20,0,1,0,0,39,0
4579,0,0,1,0,0,0,0,2,1
4579,0,0,0,0,0,0,0,2,0
4580,0,2,3,2,1,0,0,7,1
4580,0,2,4,1,1,0,0,9,0
4581,6,35,83,114,5,3,0,215,1
4581,6,35,83,114,5,3,0,216,0
4582,4,5,17,7,3,2,0,40,1
4582,4,5,17,9,3,2,0,40,0
4584,0,22,27,0,2,0,0,48,1
4584,0,21,26,0,2,0,0,46,0
4585,5,6,23,3,3,2,0,38,1
4585,5,6,23,3,3,2,0,38,0
4586,0,2,9,2,2,0,0,18,1
4586,0,0,6,1,0,0,0,8,0
4587,0,4,10,0,2,0,0,20,1
4587,0,4,10,0,2,0,0,20,0
4588,2,7,24,29,3,2,0,51,1
4588,2,8,25,29,3,2,0,53,0
4590,0,0,0,0,0,0,0,6,1
4590,0,0,0,0,0,0,0,7,0
4591,0,0,1,0,0,0,0,12,1
4591,0,0,0,0,0,0,0,10,0
4593,0,4,16,1,2,0,0,27,1
4593,0,4,16,1,2,0,0,27,0
4594,2,7,31,4,3,1,0,52,1
4594,2,7,30,4,3,1,0,51,0
4595,2,4,14,15,3,2,0,32,1
4595,2,4,14,15,3,2,0,32,0
4596,1,8,16,9,2,1,0,53,1
4596,1,8,16,9,2,1,0,53,0
4597,0,5,4,3,1,0,0,26,1
4597,0,5,4,3,1,0,0,27,0
4598,0,3,13,2,1,0,0,21,1
4598,0,3,13,2,1,0,0,20,0
4599,2,0,16,3,2,2,0,20,1
4599,2,0,16,3,2,2,0,20,0
4601,0,2,11,4,1,0,0,26,1
4601,0,2,12,4,1,0,0,27,0
4602,0,4,6,3,2,0,0,21,1
4602,0,2,4,0,2,0,0,13,0
4603,2,2,7,1,3,2,0,11,1
4603,2,2,7,1,3,2,0,14,0
4604,1,1,4,1,1,1,0,10,1
4604,1,1,6,0,1,1,0,11,0
4605,0,0,7,2,0,0,0,9,1
4605,0,0,6,2,0,0,0,9,0
4606,0,0,0,0,0,0,0,2,1
4606,0,0,1,0,0,0,0,2,0
4608,7,9,42,25,3,1,0,73,1
4608,7,10,42,25,3,1,0,74,0
4610,0,4,14,5,1,0,0,22,1
4610,1,1,13,13,1,1,0,27,0
4612,0,11,13,0,2,0,0,41,1
4612,0,12,13,0,3,0,0,42,0
4613,0,1,1,0,1,0,0,6,1
4613,0,1,2,0,1,0,0,7,0
4614,0,2,18,6,2,0,0,26,1
4614,0,0,13,4,0,0,0,17,0
4615,0,0,1,0,0,0,0,2,1
4615,0,0,1,0,0,0,0,2,0
4616,0,0,11,7,0,0,0,14,1
4616,0,0,11,7,0,0,0,14,0
4617,0,2,21,0,1,0,0,19,1
4617,0,2,21,0,1,0,0,22,0
4619,1,2,11,6,2,1,0,21,1
4619,1,3,14,8,2,1,0,39,0
4620,3,10,30,12,3,2,0,63,1
4620,2,9,30,15,2,1,0,51,0
4621,0,5,18,9,2,0,0,34,1
4621,0,6,21,9,2,0,0,38,0
4622,0,0,2,0,0,0,0,11,1
4622,0,1,2,0,1,0,0,9,0
4624,0,0,3,1,0,0,0,4,1
4624,0,0,3,1,0,0,0,4,0
4626,0,0,0,0,0,0,0,10,1
4626,0,0,1,0,0,0,0,12,0
4627,0,2,10,0,1,0,0,17,1
4627,0,2,10,0,1,0,0,17,0
4628,1,1,15,0,2,1,0,14,1
4628,1,1,15,0,2,1,0,14,0
4630,0,2,12,5,2,0,0,11,1
4630,0,2,12,5,2,0,0,11,0
4631,1,27,54,9,4,1,0,106,1
4631,1,26,51,9,4,1,0,104,0
4632,0,1,4,0,1,0,0,9,1
4632,0,1,5,0,1,0,0,9,0
4633,0,0,3,0,0,0,0,4,1
4633,0,0,6,0,0,0,0,5,0
4634,0,1,5,2,1,0,1,9,1
4634,0,1,5,2,1,0,0,9,0
4635,1,3,11,8,2,1,0,28,1
4635,1,3,11,8,2,1,0,28,0
4636,0,1,4,1,1,0,0,6,1
4636,0,1,4,1,1,0,0,6,0
4637,1,3,14,1,3,1,0,30,1
4637,1,3,14,1,3,1,0,30,0
4638,2,1,8,6,1,1,0,16,1
4638,2,1,8,6,1,1,0,16,0
4639,0,7,12,3,5,0,0,36,1
4639,0,7,12,1,5,0,0,36,0
4641,2,7,15,1,4,2,0,38,1
4641,2,7,15,1,4,2,0,38,0
4642,0,3,12,2,1,0,0,18,1
4642,0,3,12,2,1,0,0,19,0
4643,1,11,27,5,3,1,0,66,1
4643,1,12,28,5,3,1,0,69,0
4644,0,3,63,0,1,0,0,90,1
4644,0,3,63,0,1,0,0,90,0
4645,0,0,0,0,0,0,0,2,1
4645,0,0,0,0,0,0,0,2,0
4646,0,1,10,2,1,0,0,17,1
4646,0,2,11,3,1,0,0,19,0
4647,0,20,23,0,2,0,0,43,1
4647,0,19,22,0,2,0,0,41,0
4648,0,3,12,2,3,0,0,20,1
4648,0,3,12,2,3,0,0,21,0
4649,0,0,1,0,0,0,0,2,1
4649,0,0,2,0,0,0,0,2,0
4650,1,6,30,29,2,1,0,46,1
4650,1,6,31,29,2,1,0,47,0
4651,1,12,27,3,3,1,0,49,1
4651,1,12,27,3,3,1,0,49,0
4652,0,4,15,6,1,0,0,29,1
4652,0,3,15,6,1,0,0,28,0
4653,0,1,9,1,1,0,0,10,1
4653,0,3,18,3,2,0,0,21,0
4654,0,1,8,1,1,0,0,9,1
4654,0,1,8,1,1,0,0,9,0
4655,0,0,0,0,0,0,0,7,1
4655,0,0,0,0,0,0,0,8,0
4656,0,4,11,6,1,0,0,30,1
4656,0,4,11,6,1,0,0,30,0
4657,0,0,1,0,0,0,0,3,1
4657,0,0,1,0,0,0,0,3,0
4659,0,1,6,2,1,0,0,6,1
4659,0,2,10,3,1,0,0,11,0
4660,0,1,16,0,1,0,0,17,1
4660,0,1,15,0,1,0,0,16,0
4661,0,0,2,0,0,0,0,3,1
4661,0,1,5,0,1,0,0,5,0
4662,0,3,15,0,2,0,0,17,1
4662,0,3,12,0,2,0,0,14,0
4664,0,7,20,1,5,0,0,49,1
4664,0,7,20,1,5,0,0,49,0
4665,1,5,37,3,3,1,0,61,1
4665,1,5,37,3,3,1,0,61,0
4666,0,1,5,0,1,0,0,5,1
4666,0,1,5,0,1,0,0,6,0
4667,0,4,17,6,2,0,0,32,1
4667,0,4,17,6,2,0,0,32,0
4668,1,1,7,0,2,1,0,11,1
4668,1,1,7,0,2,1,0,11,0
4669,0,1,4,0,1,0,0,4,1
4669,0,1,4,0,1,0,0,4,0
4670,2,1,16,3,3,2,0,18,1
4670,2,1,16,3,3,2,0,18,0
4672,0,4,4,0,1,0,0,13,1
4672,0,5,5,0,1,0,0,20,0
4673,0,0,4,0,0,0,0,7,1
4673,0,0,3,0,0,0,0,7,0
4674,0,2,6,2,1,0,0,11,1
4674,0,2,6,2,1,0,0,11,0
4675,0,4,9,0,1,0,0,34,1
4675,0,6,11,0,1,0,0,44,0
4676,2,3,11,1,3,2,0,22,1
4676,2,2,11,1,3,2,0,19,0
4677,0,1,1,0,1,0,0,5,1
4677,0,1,5,0,1,0,0,6,0
4678,1,5,15,2,3,1,0,36,1
4678,1,7,17,3,4,1,0,44,0
4679,1,6,21,1,3,1,0,30,1
4679,1,6,21,1,3,1,0,31,0
4680,0,0,2,0,0,0,0,13,1
4680,0,0,2,0,0,0,0,13,0
4681,0,1,10,5,1,0,0,16,1
4681,0,1,13,3,1,0,0,17,0
4683,0,2,6,2,1,0,0,12,1
4683,0,2,6,2,1,0,0,12,0
4684,0,0,3,0,0,0,0,7,1
4684,0,1,5,0,1,0,0,13,0
4685,0,0,11,3,0,0,0,16,1
4685,0,0,11,3,0,0,0,16,0
4686,1,4,9,1,2,1,0,21,1
4686,1,5,13,2,2,1,0,30,0
4687,0,6,11,0,4,0,0,14,1
4687,0,6,11,0,4,0,0,14,0
4689,0,0,3,0,0,0,0,3,1
4689,0,0,3,0,0,0,0,3,0
4690,0,1,10,7,1,0,0,24,1
4690,0,2,11,7,1,0,0,29,0
4691,0,0,5,1,0,0,0,6,1
4691,0,1,18,1,1,0,0,16,0
4692,0,0,2,0,0,0,0,7,1
4692,0,1,3,0,1,0,0,10,0
4693,0,4,4,0,1,0,0,13,1
4693,0,5,5,0,1,0,0,19,0
4694,0,0,5,1,0,0,0,7,1
4694,0,1,8,1,1,0,0,9,0
4695,0,1,6,1,1,0,0,10,1
4695,0,1,6,1,1,0,0,10,0
4697,1,20,44,8,4,1,0,83,1
4697,1,22,42,10,4,1,0,87,0
4698,0,4,0,4,1,0,0,10,1
4698,0,4,1,4,1,0,0,11,0
4703,1,4,6,3,2,1,0,26,1
4703,1,4,6,3,2,1,0,26,0
4704,0,0,0,0,0,0,0,10,1
4704,0,0,0,0,0,0,0,10,0
4705,0,0,2,0,0,0,0,13,1
4705,0,0,2,0,0,0,0,13,0
4706,1,1,4,0,2,1,0,11,1
4706,1,2,6,0,2,1,0,14,0
4707,0,0,2,0,0,0,0,25,1
4707,0,0,2,0,0,0,0,30,0
4708,0,0,1,0,0,0,0,13,1
4708,0,1,2,0,1,0,0,16,0
4712,0,0,10,3,0,0,0,23,1
4712,0,0,10,2,0,0,0,23,0
4713,0,0,3,0,0,0,0,8,1
4713,0,0,3,0,0,0,0,8,0
4715,0,4,16,9,2,0,0,28,1
4715,0,3,15,9,2,0,0,28,0
4716,1,8,15,10,3,1,0,35,1
4716,1,8,15,9,3,1,0,36,0
4717,0,0,1,0,0,0,0,6,1
4717,0,0,1,0,0,0,0,7,0
4719,0,0,3,1,0,0,0,5,1
4719,0,0,6,1,0,0,0,6,0
4720,1,7,25,11,3,1,0,54,1
4720,1,7,25,11,3,1,0,55,0
4721,1,9,21,2,2,1,0,36,1
4721,1,12,25,3,3,1,0,47,0
4723,0,14,32,9,4,0,0,109,1
4723,0,14,32,9,4,0,0,115,0
4725,0,2,19,1,1,0,0,41,1
4725,0,1,16,1,1,0,0,38,0
4726,0,0,10,3,0,0,0,23,1
4726,0,0,10,3,0,0,0,23,0
4728,0,1,4,0,1,0,0,5,1
4728,0,2,5,0,1,0,0,8,0
4729,0,1,1,0,1,0,0,10,1
4729,0,1,0,0,1,0,0,13,0
4732,0,0,8,2,0,0,0,9,1
4732,0,0,8,2,0,0,0,9,0
4733,2,6,23,0,3,1,0,35,1
4733,2,6,23,0,3,1,0,35,0
4734,1,3,5,2,2,1,0,16,1
4734,1,4,6,2,2,1,0,20,0
4735,0,2,5,0,1,0,0,19,1
4735,0,2,5,0,1,0,0,19,0
4737,2,0,15,14,2,2,0,29,1
4737,2,0,15,14,2,2,0,29,0
4739,0,1,10,1,1,0,0,13,1
4739,0,0,2,0,0,0,0,10,0
4740,0,5,10,5,2,0,0,30,1
4740,0,6,12,5,2,0,0,33,0
4742,0,0,1,0,0,0,0,8,1
4742,0,0,1,0,0,0,0,8,0
4744,1,6,21,1,3,1,0,30,1
4744,1,6,21,1,3,1,0,31,0
4745,0,1,6,0,1,0,0,6,1
4745,0,1,7,0,1,0,0,6,0
4746,1,26,51,9,4,1,0,104,1
4746,1,26,51,9,4,1,0,103,0
4747,0,0,2,0,0,0,0,13,1
4747,0,0,2,0,0,0,0,13,0
4748,1,10,16,13,2,1,0,63,1
4748,1,10,15,15,2,1,0,67,0
4749,0,1,6,1,1,0,0,7,1
4749,0,1,6,1,1,0,0,7,0
4750,2,2,29,11,3,2,0,35,1
4750,2,2,28,11,3,2,0,35,0
4751,0,3,12,1,1,0,0,19,1
4751,0,3,12,1,1,0,0,19,0
4752,1,3,5,2,2,1,0,17,1
4752,1,4,6,2,2,1,0,21,0
4753,0,0,2,0,0,0,0,4,1
4753,0,3,6,2,2,0,0,16,0
4755,0,2,1,0,1,0,0,10,1
4755,0,3,3,0,2,0,0,11,0
4756,0,7,3,0,3,0,0,21,1
4756,0,5,2,0,3,0,0,15,0
4758,0,6,12,0,4,0,0,23,1
4758,0,7,16,2,4,0,0,29,0
4759,7,7,27,4,3,2,0,43,1
4759,7,7,27,4,3,2,0,43,0
4760,1,4,23,3,2,1,0,38,1
4760,2,4,24,3,2,1,0,41,0
4761,1,5,16,0,2,1,0,24,1
4761,1,5,16,0,2,1,0,24,0
4762,1,0,13,1,1,1,0,15,1
4762,1,0,14,1,1,1,0,18,0
4763,0,5,17,4,2,0,0,31,1
4763,0,8,22,4,3,0,0,40,0
4764,0,3,12,0,2,0,0,16,1
4764,0,3,9,0,2,0,0,13,0
4765,0,2,1,0,1,0,0,7,1
4765,0,3,3,0,1,0,0,10,0
4766,0,22,50,3,3,0,0,97,1
4766,0,22,50,3,3,0,0,99,0
4767,0,0,5,0,0,0,0,14,1
4767,0,0,5,0,0,0,0,16,0
4769,0,0,3,0,0,0,0,3,1
4769,0,0,3,0,0,0,0,3,0
4770,0,0,3,0,0,0,0,11,1
4770,0,1,5,0,1,0,0,17,0
4771,1,3,15,1,1,1,0,19,1
4771,1,3,15,1,1,1,0,19,0
4772,0,5,11,0,2,0,0,17,1
4772,0,5,11,0,2,0,0,17,0
4773,0,4,22,5,2,0,0,39,1
4773,0,6,25,7,2,0,0,52,0
4774,1,0,5,5,1,1,0,9,1
4774,1,0,6,4,1,1,0,9,0
4776,0,3,8,1,2,0,0,11,1
4776,0,3,8,1,2,0,0,12,0
4777,0,8,13,6,2,0,0,58,1
4777,0,8,13,6,2,0,0,59,0
4778,0,1,1,0,1,0,0,5,1
4778,0,2,4,0,2,0,0,7,0
4779,0,1,16,0,1,0,0,29,1
4779,0,1,16,0,1,0,0,29,0
4780,0,8,15,5,4,0,0,31,1
4780,0,8,15,5,4,0,0,31,0
4781,0,2,3,1,1,0,1,6,1
4781,0,2,2,1,1,0,1,6,0
4783,1,3,21,1,2,1,0,25,1
4783,1,3,21,1,2,1,0,25,0
4784,0,3,22,0,1,0,0,25,1
4784,0,3,22,0,1,0,0,25,0
4785,1,4,20,3,2,1,0,34,1
4785,1,4,21,3,2,1,0,35,0
4786,2,3,19,2,2,1,0,26,1
4786,2,3,18,2,2,1,0,25,0
4787,1,20,36,6,5,1,0,98,1
4787,1,21,37,6,5,1,0,101,0
4788,0,1,4,0,1,0,0,6,1
4788,0,1,6,0,1,0,0,6,0
4789,1,7,28,0,3,1,0,38,1
4789,1,7,22,0,3,1,0,34,0
4791,0,0,4,0,0,0,0,5,1
4791,0,0,4,0,0,0,0,5,0
4792,0,4,7,0,2,0,0,19,1
4792,0,7,13,0,3,0,0,30,0
4793,0,3,10,0,3,0,0,15,1
4793,0,5,17,0,4,0,0,27,0
4794,1,17,29,11,4,1,0,97,1
4794,1,18,30,13,4,1,0,101,0
4795,4,8,23,24,6,4,0,50,1
4795,4,8,23,24,6,4,0,54,0
4797,0,3,12,0,2,0,0,14,1
4797,0,4,15,0,3,0,0,17,0
4798,3,8,44,23,3,2,0,92,1
4798,3,8,44,23,3,2,0,92,0
4799,0,0,0,0,0,0,0,6,1
4799,0,0,0,0,0,0,0,6,0
4800,0,3,11,5,2,0,0,17,1
4800,0,3,10,5,2,0,0,17,0
4801,0,0,5,0,0,0,0,14,1
4801,0,0,5,0,0,0,0,14,0
4802,0,2,8,1,1,0,0,19,1
4802,0,3,11,5,1,0,0,26,0
4804,0,4,14,1,2,0,0,64,1
4804,0,6,16,1,2,0,0,82,0
4805,0,1,13,0,1,0,0,19,1
4805,0,1,13,0,1,0,0,22,0
4806,0,1,5,0,1,0,0,18,1
4806,0,2,8,2,2,0,0,26,0
4807,0,2,9,0,1,0,0,12,1
4807,0,2,9,0,1,0,0,12,0
4808,0,1,3,0,1,0,0,7,1
4808,0,1,3,0,1,0,0,8,0
4809,0,1,4,0,1,0,0,4,1
4809,0,1,4,0,1,0,0,4,0
4810,0,0,5,0,0,0,0,15,1
4810,0,0,5,0,0,0,0,15,0
4811,0,0,3,0,0,0,0,9,1
4811,0,0,3,0,0,0,0,9,0
4812,0,2,6,0,2,0,0,19,1
4812,0,3,7,0,2,0,0,29,0
4814,0,2,5,1,2,0,0,18,1
4814,0,1,4,1,1,0,0,11,0
4815,4,7,35,25,3,2,0,83,1
4815,4,6,34,23,3,2,0,79,0
4816,1,2,7,9,1,1,0,14,1
4816,1,2,7,9,1,1,0,14,0
4817,0,3,18,5,1,0,0,26,1
4817,0,2,15,3,1,0,0,22,0
4818,0,1,6,1,1,0,0,6,1
4818,0,2,7,2,1,0,0,8,0
4819,0,0,0,0,0,0,0,6,1
4819,0,0,0,0,0,0,0,7,0
4820,0,1,4,0,1,0,0,4,1
4820,0,1,4,0,1,0,0,4,0
4821,3,7,27,12,3,2,0,50,1
4821,3,7,27,12,3,2,0,50,0
4822,0,4,16,0,3,0,0,19,1
4822,0,5,19,0,3,0,0,21,0
4823,0,1,5,1,1,0,0,13,1
4823,0,1,5,1,1,0,0,13,0
4824,1,5,13,2,2,1,0,23,1
4824,1,6,15,2,2,1,0,25,0
4825,1,24,45,22,5,1,0,119,1
4825,1,24,45,20,5,1,0,118,0
4826,1,21,39,8,4,1,0,96,1
4826,1,21,39,8,4,1,0,96,0
4827,0,18,31,14,3,0,0,98,1
4827,0,18,33,14,3,0,0,104,0
4828,0,0,0,0,0,0,0,22,1
4828,0,0,0,0,0,0,0,23,0
4829,0,0,1,0,0,0,0,2,1
4829,0,1,2,0,1,0,0,4,0
4830,0,1,11,1,1,0,0,16,1
4830,0,1,11,1,1,0,0,16,0
4831,1,3,18,1,2,1,0,23,1
4831,1,4,18,1,2,1,0,24,0
4832,0,0,5,0,0,0,0,4,1
4832,0,1,7,0,1,0,0,5,0
4834,0,2,9,4,1,0,0,22,1
4834,0,4,11,4,1,0,0,28,0
4835,2,3,17,8,1,1,0,29,1
4835,2,8,32,11,2,1,0,58,0
4836,0,0,2,2,0,0,0,6,1
4836,0,1,4,2,1,0,0,9,0
4837,2,1,11,0,3,2,0,16,1
4837,2,2,11,0,3,2,0,19,0
4838,2,2,11,0,3,2,0,19,1
4838,2,3,11,1,3,2,0,22,0
4840,1,7,15,4,2,1,0,40,1
4840,1,8,15,4,2,1,0,42,0
4841,0,0,1,0,0,0,0,2,1
4841,0,0,1,0,0,0,0,2,0
4842,0,1,10,0,1,0,0,9,1
4842,0,2,12,0,1,0,0,11,0
4843,0,8,13,6,4,0,0,36,1
4843,0,9,15,6,4,0,0,40,0
4844,0,3,19,2,1,0,0,31,1
4844,1,5,26,8,2,1,0,43,0
4845,0,1,4,0,1,0,0,4,1
4845,0,1,4,0,1,0,0,4,0
4847,0,2,5,2,1,0,0,12,1
4847,0,2,5,2,1,0,0,12,0
4848,2,2,18,11,2,1,0,26,1
4848,2,2,19,11,2,1,0,29,0
4849,1,6,5,1,5,1,0,22,1
4849,1,8,6,4,5,1,0,29,0
4850,0,14,23,0,4,0,0,53,1
4850,0,11,19,0,4,0,0,46,0
4851,0,0,3,1,0,0,0,4,1
4851,0,1,4,1,1,0,0,6,0
4852,0,5,14,4,4,0,0,23,1
4852,0,5,14,4,4,0,0,23,0
4853,0,2,7,5,2,0,0,18,1
4853,0,3,7,6,3,0,0,22,0
4855,0,0,11,0,0,0,0,9,1
4855,0,0,11,0,0,0,0,13,0
4856,4,6,13,0,6,2,0,21,1
4856,4,6,13,0,6,2,0,21,0
4858,0,5,11,3,2,0,0,20,1
4858,0,5,13,3,2,0,0,22,0
4859,1,3,5,2,4,1,0,13,1
4859,1,3,5,2,4,1,0,13,0
4861,0,4,13,2,1,0,0,21,1
4861,0,4,13,2,1,0,0,21,0
4862,0,0,1,0,0,0,0,2,1
4862,0,0,1,0,0,0,0,2,0
4863,2,1,3,0,2,1,0,12,1
4863,2,1,3,0,2,1,0,15,0
4865,0,0,4,0,0,0,0,5,1
4865,0,0,4,0,0,0,0,6,0
4866,0,0,2,0,0,0,0,4,1
4866,0,1,3,0,1,0,0,10,0
4867,0,3,10,1,2,0,0,17,1
4867,0,3,10,1,2,0,0,17,0
4868,0,1,4,0,1,0,0,8,1
4868,0,1,4,0,1,0,0,8,0
4869,1,1,3,0,2,1,0,15,1
4869,1,1,4,0,2,1,0,17,0
4870,0,0,5,0,0,0,0,7,1
4870,0,0,4,0,0,0,0,6,0
4871,0,0,2,0,0,0,0,7,1
4871,0,0,1,0,0,0,0,6,0
4873,0,0,5,2,0,0,0,7,1
4873,0,0,5,2,0,0,0,8,0
4876,0,3,10,1,1,0,0,16,1
4876,0,4,13,2,1,0,0,19,0
4877,2,1,5,0,3,2,0,7,1
4877,2,1,5,0,3,2,0,7,0
4878,0,0,2,0,0,0,0,4,1
4878,0,0,2,0,0,0,0,4,0
4879,0,0,2,0,0,0,0,2,1
4879,0,0,2,0,0,0,0,3,0
4880,0,4,9,0,1,0,0,11,1
4880,0,4,9,0,1,0,0,11,0
4882,0,0,0,0,0,0,0,2,1
4882,0,0,0,0,0,0,0,2,0
4883,0,0,2,0,0,0,0,2,1
4883,0,0,2,0,0,0,0,3,0
4884,0,1,0,3,1,0,0,5,1
4884,0,1,0,3,1,0,0,5,0
4885,0,1,3,0,1,0,0,4,1
4885,0,1,3,0,1,0,0,4,0
4887,0,2,5,0,2,0,0,7,1
4887,0,1,3,0,1,0,0,4,0
4888,0,0,3,1,0,0,0,5,1
4888,0,0,5,1,0,0,0,6,0
4889,2,0,3,1,2,2,0,7,1
4889,2,0,4,1,2,2,0,7,0
4890,0,3,5,2,1,0,0,13,1
4890,0,3,6,2,1,0,0,14,0
4891,1,2,8,0,2,1,0,13,1
4891,1,3,9,0,3,1,0,17,0
4892,0,3,11,1,1,0,0,16,1
4892,0,3,10,1,1,0,0,16,0
4893,0,0,3,0,0,0,0,2,1
4893,0,0,3,0,0,0,0,2,0
4894,0,8,16,1,7,0,1,22,1
4894,0,9,17,1,8,0,1,24,0
4895,0,1,6,0,1,0,0,9,1
4895,0,1,7,0,1,0,0,9,0
4896,0,0,1,2,0,0,0,3,1
4896,0,0,2,2,0,0,0,4,0
4897,0,0,3,0,0,0,0,5,1
4897,0,0,3,0,0,0,0,6,0
4898,0,0,3,0,0,0,0,5,1
4898,0,0,3,0,0,0,0,6,0
4899,0,1,2,0,1,0,0,4,1
4899,0,2,4,0,2,0,0,7,0
4901,0,1,2,0,1,0,0,4,1
4901,0,1,2,0,1,0,0,4,0
4903,0,1,1,0,1,0,0,9,1
4903,0,1,1,0,1,0,0,9,0
4904,0,1,8,0,1,0,0,12,1
4904,0,1,8,0,1,0,0,12,0
4905,0,0,4,0,0,0,0,2,1
4905,0,0,3,0,0,0,0,3,0
4907,0,2,6,2,1,0,0,9,1
4907,0,2,4,2,1,0,0,9,0
4908,0,0,3,0,0,0,0,5,1
4908,0,1,4,0,1,0,0,7,0
4910,3,5,12,4,3,1,0,22,1
4910,3,5,12,4,3,1,0,22,0
4911,0,8,9,3,3,0,0,29,1
4911,0,8,9,3,3,0,0,29,0
4912,0,8,9,3,3,0,0,29,1
4912,0,8,9,3,3,0,0,29,0
4913,2,3,15,0,2,1,0,20,1
4913,2,3,15,0,2,1,0,21,0
4914,1,1,5,0,2,1,0,8,1
4914,1,1,4,0,2,1,0,8,0
4915,0,7,8,0,2,0,0,27,1
4915,0,7,10,0,2,0,0,28,0
4916,0,5,5,0,4,0,0,15,1
4916,0,5,7,0,4,0,0,15,0
4919,0,1,4,0,1,0,0,6,1
4919,0,1,5,0,1,0,0,6,0
4920,0,2,5,0,2,0,0,8,1
4920,0,2,5,0,2,0,0,8,0
4921,0,2,6,0,1,0,0,7,1
4921,0,2,6,0,1,0,0,7,0
4922,0,1,3,1,1,0,0,5,1
4922,0,1,3,1,1,0,0,5,0
4925,0,1,7,0,1,0,0,16,1
4925,0,1,7,0,1,0,0,16,0
4926,2,5,27,0,2,1,0,31,1
4926,2,6,28,0,2,1,0,33,0
4928,0,4,8,0,1,0,0,12,1
4928,0,4,8,0,4,0,0,19,0
4929,4,10,27,8,6,3,0,55,1
4929,4,10,27,8,6,3,0,55,0
4931,0,6,17,0,4,0,0,31,1
4931,0,7,17,0,4,0,0,32,0
4932,0,0,2,3,0,0,0,4,1
4932,0,0,2,3,0,0,0,6,0
4934,0,0,7,0,0,0,0,7,1
4934,0,0,7,0,0,0,0,7,0
4935,0,0,1,0,0,0,0,2,1
4935,0,0,1,0,0,0,0,2,0
4937,0,1,3,0,1,0,0,5,1
4937,0,0,1,0,0,0,0,5,0
4947,0,1,7,0,1,0,0,14,1
4947,0,1,5,0,1,0,0,12,0
4948,0,0,5,3,0,0,0,6,1
4948,0,0,4,3,0,0,0,7,0
4953,0,0,0,0,0,0,0,2,1
4953,0,1,2,1,1,0,0,5,0
4967,0,1,1,0,1,0,0,3,1
4967,0,1,1,0,1,0,0,3,0
4968,0,0,1,1,0,0,0,8,1
4968,0,0,1,1,0,0,0,8,0
4971,0,0,3,1,0,0,0,3,1
4971,0,0,5,3,0,0,0,6,0
4974,0,7,26,4,2,0,1,71,1
4974,0,6,25,4,1,0,1,66,0
4975,1,5,8,4,4,1,0,47,1
4975,1,5,8,4,4,1,0,47,0
4976,0,0,2,0,0,0,0,5,1
4976,0,0,2,0,0,0,0,10,0
4977,0,0,2,0,0,0,0,3,1
4977,0,0,2,0,0,0,0,3,0
4978,0,1,9,3,1,0,0,17,1
4978,0,1,9,3,1,0,0,17,0
4980,0,4,4,0,2,0,0,13,1
4980,0,4,5,0,2,0,0,13,0
4981,0,3,5,0,2,0,0,10,1
4981,0,3,8,0,2,0,0,13,0
4982,0,1,6,0,1,0,0,11,1
4982,0,1,6,0,1,0,0,11,0
4985,0,0,1,0,0,0,0,1,1
4985,4,3,65,0,2,1,0,65,0
4986,1,3,7,0,4,1,0,10,1
4986,1,3,7,0,4,1,0,10,0
4987,0,0,3,1,0,0,0,5,1
4987,0,0,4,1,0,0,0,5,0
4988,0,0,1,0,0,0,0,2,1
4988,0,0,1,0,0,0,0,2,0
4989,2,7,22,0,2,1,0,28,1
4989,2,7,24,0,2,1,0,28,0
4995,0,3,7,0,1,0,0,12,1
4995,0,2,3,0,1,0,0,6,0
4996,0,2,5,0,2,0,0,12,1
4996,0,3,6,0,3,0,0,15,0
4997,1,1,3,2,2,1,0,9,1
4997,1,2,5,3,3,1,0,12,0
4998,0,4,6,0,2,0,0,10,1
4998,0,4,10,0,2,0,0,14,0
4999,1,3,10,0,3,1,0,18,1
4999,1,3,13,0,3,1,0,26,0
5000,0,3,8,1,1,0,0,18,1
5000,0,4,12,1,1,0,0,24,0
5001,0,9,8,1,1,0,0,29,1
5001,0,10,13,1,2,0,0,36,0
5002,1,5,22,2,2,1,1,51,1
5002,1,5,22,2,2,1,1,51,0
5003,0,5,16,0,1,0,0,81,1
5003,0,5,16,0,1,0,0,81,0
5004,1,21,66,15,5,1,0,144,1
5004,1,22,67,15,5,1,0,146,0
